Age,Attrition,BusinessTravel,DailyRate,Department,DistanceFromHome,Education,EducationField,EnvironmentSatisfaction,Gender,HourlyRate,JobInvolvement,JobLevel,JobRole,JobSatisfaction,MaritalStatus,MonthlyIncome,MonthlyRate,NumCompaniesWorked,OverTime,PercentSalaryHike,PerformanceRating,RelationshipSatisfaction,StockOptionLevel,TotalWorkingYears,TrainingTimesLastYear,WorkLifeBalance,YearsAtCompany,YearsInCurrentRole,YearsSinceLastPromotion,YearsWithCurrManager
56,Yes,Travel_Rarely,1430,Sales,13,1,Marketing,3,Female,66,2,1,Manufacturing Director,2,Divorced,6742,11045,8,Yes,25,3,3,2,21,0,4,2,9,14,17
46,No,Travel_Rarely,603,Human Resources,8,4,Medical,4,Female,55,2,4,Sales Representative,2,Single,4225,12443,9,No,20,3,1,0,40,2,3,24,11,15,8
32,No,Travel_Rarely,449,Research & Development,13,3,Human Resources,4,Male,41,2,3,Research Director,1,Divorced,5373,11637,1,No,21,3,4,3,20,4,1,15,17,3,11
60,No,Travel_Frequently,1365,Sales,16,5,Other,4,Female,78,3,5,Research Scientist,3,Married,13278,11554,9,Yes,20,3,3,3,36,1,3,20,5,4,12
25,No,Travel_Rarely,1119,Sales,2,3,Medical,4,Male,43,4,2,Sales Representative,2,Married,18870,3879,1,Yes,23,3,2,0,26,6,4,12,7,13,10
38,No,Non-Travel,671,Sales,13,2,Other,2,Male,75,3,4,Research Scientist,3,Married,14838,8042,4,Yes,15,3,4,2,37,4,4,35,4,10,14
56,No,Non-Travel,796,Research & Development,18,3,Other,4,Male,64,3,1,Research Scientist,1,Divorced,5969,16592,4,No,21,3,4,1,34,0,4,7,2,2,9
36,Yes,Non-Travel,1462,Sales,3,1,Human Resources,1,Female,58,2,1,Research Director,1,Married,19790,21085,6,No,23,3,4,3,37,0,3,18,1,0,9
40,Yes,Non-Travel,127,Research & Development,13,4,Other,2,Female,41,1,3,Research Scientist,3,Single,9310,4724,0,Yes,23,3,3,3,39,6,2,15,5,2,8
28,Yes,Travel_Rarely,1202,Human Resources,19,4,Technical Degree,2,Male,73,3,4,Human Resources,2,Divorced,9850,9754,1,No,25,3,4,0,5,4,2,11,6,12,2
28,No,Travel_Rarely,318,Sales,13,1,Human Resources,4,Male,95,1,4,Sales Executive,4,Married,8739,2332,5,No,16,3,3,3,31,4,1,19,7,8,15
41,No,Non-Travel,1453,Research & Development,19,2,Medical,2,Male,31,2,5,Human Resources,4,Single,18892,22014,1,No,25,3,1,3,15,5,3,17,3,1,11
53,No,Travel_Rarely,938,Human Resources,4,1,Technical Degree,1,Female,88,3,5,Sales Executive,1,Married,17988,15985,3,No,21,4,2,1,27,4,3,11,11,0,16
57,No,Travel_Rarely,875,Sales,19,3,Life Sciences,2,Male,46,4,1,Research Scientist,2,Married,1987,22339,9,Yes,14,3,1,1,15,2,3,24,11,6,14
41,No,Travel_Rarely,1148,Research & Development,18,1,Marketing,2,Male,39,4,2,Manager,4,Divorced,1739,11432,5,No,12,3,4,2,26,3,4,10,16,12,2
20,Yes,Travel_Rarely,771,Research & Development,25,1,Medical,1,Male,47,3,1,Manager,2,Married,1065,11843,6,No,22,3,3,3,2,1,3,21,18,6,4
39,No,Travel_Rarely,819,Human Resources,6,2,Medical,1,Male,51,4,5,Sales Executive,3,Single,3252,12443,9,Yes,22,3,3,2,20,6,2,33,8,4,12
19,Yes,Travel_Rarely,411,Research & Development,19,3,Medical,2,Male,87,3,5,Sales Representative,1,Married,2710,15676,4,Yes,24,3,1,2,37,1,1,12,11,1,5
41,No,Travel_Rarely,700,Research & Development,25,5,Technical Degree,3,Female,82,4,5,Research Director,3,Married,18679,13737,7,No,12,3,4,1,37,1,2,37,16,13,8
47,No,Travel_Rarely,368,Research & Development,4,5,Life Sciences,2,Male,30,2,1,Research Scientist,3,Single,9312,26969,5,No,22,3,2,1,29,4,3,11,9,0,6
55,Yes,Travel_Rarely,747,Research & Development,4,4,Human Resources,1,Female,90,4,4,Research Director,3,Married,16109,14339,4,No,13,3,3,0,21,6,1,38,18,12,12
19,No,Travel_Rarely,1392,Research & Development,24,1,Life Sciences,1,Male,60,4,2,Human Resources,2,Divorced,14007,9993,3,No,12,3,3,1,18,4,1,35,10,4,4
38,No,Travel_Frequently,1458,Research & Development,7,4,Technical Degree,1,Male,60,2,2,Manager,4,Single,10402,9239,5,No,11,3,4,2,30,5,3,27,12,9,15
50,No,Travel_Rarely,1124,Research & Development,7,2,Medical,3,Male,95,2,5,Healthcare Representative,3,Married,1956,7955,5,No,24,3,3,3,19,4,3,26,3,3,3
29,Yes,Travel_Rarely,551,Sales,26,5,Marketing,1,Female,48,4,3,Human Resources,1,Married,7562,15145,5,Yes,18,3,4,2,18,5,2,38,14,8,4
39,Yes,Travel_Frequently,666,Sales,23,1,Medical,4,Female,82,1,1,Human Resources,2,Single,1766,18726,0,Yes,22,3,4,2,1,5,2,12,11,15,5
42,No,Travel_Rarely,1372,Sales,26,2,Human Resources,4,Female,51,1,4,Sales Executive,4,Married,15875,14415,5,No,15,3,2,2,39,2,4,39,9,4,3
44,No,Travel_Rarely,1161,Sales,16,2,Other,3,Male,52,3,5,Laboratory Technician,3,Married,12589,6417,0,No,20,3,4,1,38,2,4,26,6,10,0
59,No,Travel_Rarely,129,Sales,27,1,Marketing,1,Male,44,4,3,Human Resources,1,Divorced,6660,25579,4,Yes,11,3,1,2,26,2,4,30,1,9,16
45,No,Non-Travel,321,Human Resources,16,2,Medical,1,Female,55,3,5,Research Scientist,3,Single,8282,4954,6,Yes,23,4,2,0,7,2,3,1,6,11,8
33,Yes,Non-Travel,507,Sales,5,1,Marketing,4,Female,32,2,3,Manufacturing Director,4,Married,11042,19201,0,Yes,19,4,4,3,26,0,3,17,7,11,15
32,No,Non-Travel,372,Research & Development,15,1,Other,4,Male,49,4,2,Manufacturing Director,4,Single,4544,17013,0,No,18,3,4,1,14,2,4,25,18,1,1
20,No,Non-Travel,893,Sales,23,3,Life Sciences,2,Female,69,2,3,Research Scientist,3,Divorced,19686,2663,5,No,14,4,2,2,11,2,4,30,5,3,10
54,No,Travel_Rarely,1064,Research & Development,4,4,Technical Degree,3,Male,68,4,2,Laboratory Technician,3,Married,18497,10505,6,Yes,18,3,3,0,13,2,2,37,7,12,4
24,Yes,Non-Travel,1411,Human Resources,24,2,Medical,2,Male,47,4,2,Laboratory Technician,2,Married,9862,11680,5,Yes,23,3,2,3,6,5,4,21,3,11,12
38,No,Travel_Rarely,935,Research & Development,25,2,Human Resources,3,Male,70,2,1,Sales Executive,4,Single,1917,21312,4,Yes,22,3,3,2,16,1,4,35,8,8,16
26,Yes,Travel_Rarely,418,Research & Development,13,3,Life Sciences,1,Male,99,4,3,Manager,4,Married,5626,26406,5,Yes,23,3,2,3,25,6,1,18,4,7,14
56,No,Travel_Rarely,1422,Sales,28,3,Medical,1,Male,56,4,4,Research Director,3,Single,11057,25149,2,No,20,3,2,1,36,1,4,13,5,2,11
35,No,Non-Travel,439,Research & Development,19,3,Life Sciences,3,Male,44,3,4,Laboratory Technician,1,Divorced,3320,4216,8,Yes,17,3,1,1,19,1,1,13,18,7,5
21,No,Travel_Rarely,1432,Sales,7,5,Human Resources,2,Male,66,2,3,Healthcare Representative,3,Married,17029,22478,4,No,21,3,2,0,9,3,4,28,11,15,12
42,No,Non-Travel,452,Human Resources,12,5,Medical,4,Male,87,1,1,Sales Executive,3,Married,18182,16503,1,No,25,3,1,1,18,0,1,16,4,12,17
31,No,Travel_Rarely,612,Sales,26,5,Other,3,Male,34,1,4,Sales Representative,4,Married,14594,5183,9,No,21,3,4,0,17,5,4,36,4,1,14
26,No,Travel_Rarely,626,Research & Development,9,1,Other,3,Female,36,4,5,Sales Executive,2,Married,15026,16336,9,Yes,17,3,3,2,29,4,2,8,17,2,14
43,No,Travel_Rarely,593,Research & Development,17,2,Human Resources,3,Male,70,3,4,Human Resources,3,Married,17564,25643,6,Yes,11,3,3,3,29,5,3,0,5,13,7
19,No,Non-Travel,110,Sales,2,4,Marketing,1,Male,39,4,1,Research Director,1,Married,13561,9304,2,Yes,16,3,1,1,24,2,1,3,8,4,13
37,No,Travel_Rarely,662,Sales,16,1,Human Resources,3,Male,91,3,2,Sales Representative,1,Married,14346,18527,0,No,23,3,3,3,23,1,3,6,10,10,6
45,No,Travel_Rarely,541,Sales,7,2,Marketing,1,Female,55,4,2,Sales Representative,3,Married,2894,2608,2,No,14,3,3,3,9,5,2,10,13,11,13
24,No,Travel_Rarely,893,Sales,29,2,Medical,4,Male,97,1,2,Healthcare Representative,1,Married,2058,13077,8,Yes,24,3,2,2,1,0,4,13,1,13,4
25,No,Travel_Rarely,1233,Research & Development,18,3,Marketing,4,Male,53,2,1,Healthcare Representative,1,Single,11512,13064,4,No,20,3,1,2,37,2,4,18,13,9,14
52,No,Travel_Frequently,1370,Sales,7,3,Medical,2,Male,70,3,2,Healthcare Representative,3,Divorced,2170,12904,6,Yes,20,3,3,1,31,3,2,39,18,9,14
31,No,Travel_Rarely,1380,Research & Development,1,1,Medical,1,Female,94,4,2,Sales Executive,1,Married,1824,12123,2,Yes,20,3,4,2,34,4,3,2,9,7,3
34,No,Travel_Frequently,134,Sales,3,3,Technical Degree,4,Male,46,4,1,Research Director,1,Married,4775,6765,3,No,21,4,1,3,36,2,3,7,4,0,0
53,No,Non-Travel,1148,Research & Development,21,2,Medical,4,Male,53,3,5,Sales Executive,3,Divorced,4248,26227,0,Yes,22,3,2,0,6,6,3,28,3,3,16
57,No,Non-Travel,946,Sales,28,3,Marketing,2,Male,56,3,4,Manufacturing Director,4,Single,14951,19643,2,No,12,3,4,0,6,4,3,36,6,15,0
21,Yes,Travel_Rarely,667,Sales,11,5,Technical Degree,2,Male,36,1,1,Human Resources,2,Divorced,9281,12535,6,No,20,3,3,0,26,5,1,8,12,0,15
19,Yes,Travel_Rarely,150,Sales,22,3,Technical Degree,2,Female,41,3,1,Human Resources,2,Divorced,1878,2508,3,No,17,3,3,1,9,2,3,18,9,0,12
23,No,Travel_Rarely,563,Research & Development,15,2,Medical,1,Female,32,4,3,Healthcare Representative,4,Divorced,6535,17187,1,No,19,3,1,2,32,3,1,11,9,11,17
59,No,Non-Travel,691,Research & Development,29,1,Human Resources,3,Female,39,1,2,Manufacturing Director,3,Divorced,8750,19582,4,No,23,3,3,2,6,5,2,26,3,4,9
21,No,Travel_Rarely,437,Research & Development,25,4,Human Resources,1,Female,62,1,5,Laboratory Technician,4,Married,5703,23336,4,No,15,3,1,2,5,0,4,36,15,5,17
46,Yes,Travel_Rarely,1483,Sales,25,3,Other,2,Male,75,2,3,Laboratory Technician,2,Single,2943,21834,1,No,18,3,3,2,5,4,1,24,14,14,16
35,No,Travel_Rarely,1247,Research & Development,3,2,Technical Degree,3,Male,88,2,5,Healthcare Representative,2,Married,18096,4510,5,Yes,15,4,4,3,12,4,3,37,10,0,8
43,No,Travel_Rarely,460,Research & Development,24,4,Medical,4,Female,81,2,2,Sales Executive,2,Single,17327,7705,9,No,24,3,2,0,12,0,4,16,18,10,13
51,No,Travel_Frequently,447,Sales,13,4,Human Resources,1,Male,35,3,2,Healthcare Representative,2,Single,19916,17325,3,No,17,3,4,3,1,6,1,32,2,5,12
27,No,Travel_Rarely,294,Research & Development,4,5,Medical,2,Female,31,1,2,Manager,3,Divorced,7168,23943,0,No,17,3,2,1,18,4,4,38,14,4,13
53,No,Travel_Rarely,857,Human Resources,23,4,Medical,2,Male,58,3,4,Sales Representative,2,Single,16728,10489,2,No,19,3,1,0,18,5,2,13,15,15,10
31,Yes,Travel_Rarely,1271,Sales,22,2,Technical Degree,3,Male,69,1,5,Human Resources,2,Divorced,14002,25670,8,Yes,13,3,3,0,37,1,3,27,13,3,12
48,No,Travel_Rarely,579,Research & Development,8,2,Other,1,Female,90,4,5,Laboratory Technician,3,Divorced,14822,24150,9,No,24,3,4,3,1,6,2,17,4,9,16
32,No,Travel_Rarely,929,Research & Development,22,3,Technical Degree,4,Female,97,3,3,Research Scientist,4,Divorced,2173,10354,6,Yes,11,3,3,1,25,0,4,32,16,4,2
25,No,Travel_Rarely,991,Research & Development,4,3,Life Sciences,4,Female,97,1,1,Laboratory Technician,3,Married,1628,22041,5,No,12,3,1,1,5,3,2,14,17,7,0
31,No,Travel_Rarely,754,Sales,18,3,Human Resources,3,Male,58,2,2,Human Resources,2,Divorced,8991,24861,0,No,22,3,2,0,19,6,3,10,18,8,4
40,No,Travel_Rarely,509,Sales,7,4,Human Resources,3,Female,91,2,2,Sales Representative,1,Divorced,4075,14742,8,No,16,3,4,2,22,2,1,35,0,10,12
57,No,Travel_Frequently,387,Research & Development,11,4,Human Resources,4,Male,89,4,3,Human Resources,3,Married,9647,15436,8,No,24,3,2,1,14,2,2,14,8,15,4
38,No,Travel_Rarely,952,Human Resources,29,5,Marketing,3,Male,70,3,5,Research Scientist,3,Single,3346,16304,0,No,20,3,2,3,5,0,3,29,13,13,4
33,No,Travel_Rarely,212,Research & Development,27,3,Medical,3,Female,94,1,4,Healthcare Representative,4,Divorced,6603,8927,5,No,20,3,1,1,27,1,4,14,10,11,11
35,Yes,Travel_Rarely,721,Research & Development,4,1,Technical Degree,1,Female,93,2,5,Manufacturing Director,2,Divorced,3469,6846,6,No,22,3,2,0,34,5,2,22,1,1,1
41,No,Travel_Rarely,894,Research & Development,13,5,Human Resources,3,Male,92,1,4,Research Scientist,1,Married,7829,26601,1,Yes,23,3,1,2,10,3,1,14,4,5,15
43,No,Travel_Frequently,151,Research & Development,9,1,Life Sciences,2,Female,77,3,4,Human Resources,3,Single,4451,22263,9,No,24,3,2,1,7,2,2,28,14,2,16
42,No,Travel_Frequently,1139,Research & Development,9,4,Human Resources,2,Male,49,2,5,Human Resources,3,Married,17200,14072,7,Yes,19,3,2,0,23,2,4,10,11,14,4
58,No,Travel_Rarely,1259,Sales,23,5,Other,2,Male,66,4,2,Manager,3,Single,17335,10821,7,No,13,3,4,1,20,5,4,17,13,1,11
46,No,Non-Travel,689,Research & Development,21,5,Medical,3,Male,93,4,4,Manager,1,Divorced,11538,7117,5,No,20,3,1,2,35,1,4,39,10,11,14
32,No,Travel_Rarely,697,Research & Development,19,2,Medical,4,Female,34,3,3,Research Director,3,Divorced,18684,3076,8,No,12,3,3,3,6,4,2,30,8,13,5
18,No,Travel_Rarely,1468,Research & Development,3,4,Technical Degree,2,Male,63,3,3,Manager,3,Single,11399,16399,2,No,21,4,3,0,4,6,2,8,7,12,12
42,No,Travel_Rarely,771,Sales,25,4,Marketing,1,Female,68,1,4,Sales Executive,1,Married,15039,18240,1,No,11,3,3,0,28,0,2,21,11,0,10
24,No,Non-Travel,1411,Sales,25,5,Technical Degree,3,Male,96,4,2,Manufacturing Director,3,Single,6383,19823,1,No,12,3,4,2,15,1,1,10,2,3,16
26,No,Non-Travel,415,Sales,12,4,Human Resources,4,Female,91,3,4,Sales Representative,1,Married,14151,24169,5,Yes,13,3,4,0,5,1,3,16,14,7,8
41,Yes,Non-Travel,707,Research & Development,29,5,Other,4,Male,53,3,3,Research Scientist,4,Married,13213,24480,6,No,17,3,2,2,13,1,2,32,7,2,15
18,No,Travel_Rarely,398,Human Resources,11,2,Life Sciences,3,Female,32,4,3,Human Resources,1,Married,8403,13295,5,No,12,3,2,0,1,1,1,10,6,4,16
25,No,Travel_Rarely,670,Sales,20,5,Technical Degree,3,Male,96,1,5,Research Director,4,Married,18097,19004,2,Yes,23,4,3,2,24,4,4,38,16,13,17
41,Yes,Non-Travel,1289,Research & Development,11,4,Marketing,1,Female,79,1,2,Research Director,1,Single,1834,25125,4,No,15,4,2,1,30,5,2,7,11,9,12
28,No,Travel_Rarely,933,Research & Development,17,4,Technical Degree,3,Female,58,4,5,Sales Representative,2,Married,10205,25730,7,Yes,12,3,2,1,12,3,2,3,17,4,10
34,No,Travel_Rarely,711,Research & Development,29,5,Medical,3,Female,61,4,1,Manufacturing Director,3,Single,12661,19408,5,Yes,17,3,4,1,17,6,2,35,17,4,12
25,No,Travel_Rarely,117,Sales,26,5,Human Resources,4,Male,68,4,4,Research Scientist,4,Married,17769,20760,1,No,20,3,3,0,16,1,1,18,14,10,12
52,No,Travel_Rarely,1469,Research & Development,21,5,Human Resources,2,Female,38,4,5,Laboratory Technician,3,Single,1981,20424,6,Yes,18,3,1,2,27,6,2,23,2,8,11
52,No,Travel_Rarely,1203,Research & Development,14,3,Human Resources,2,Male,43,4,2,Manager,3,Married,12277,17459,7,No,18,3,3,2,11,1,2,40,18,14,13
50,Yes,Non-Travel,1471,Sales,16,4,Human Resources,4,Female,97,3,4,Healthcare Representative,1,Divorced,1452,12827,3,No,23,3,4,3,34,0,3,17,14,7,12
22,Yes,Travel_Rarely,173,Sales,24,4,Human Resources,3,Female,93,2,4,Research Director,2,Divorced,1763,12202,0,No,25,3,3,1,21,2,1,32,15,7,8
59,Yes,Travel_Frequently,371,Research & Development,10,3,Human Resources,1,Male,49,4,4,Manager,1,Divorced,17032,5454,1,No,18,3,1,3,38,4,3,35,16,12,13
56,Yes,Travel_Frequently,388,Human Resources,4,5,Life Sciences,2,Male,57,2,4,Manager,3,Divorced,11372,11879,3,No,20,3,2,1,0,1,3,9,0,12,0
58,No,Travel_Rarely,167,Sales,10,2,Marketing,3,Male,43,1,4,Sales Executive,1,Single,11906,10206,6,Yes,25,4,3,3,36,3,3,13,10,0,8
45,No,Travel_Rarely,981,Research & Development,26,5,Human Resources,2,Male,73,3,2,Manufacturing Director,4,Single,6405,18110,1,No,19,3,4,1,20,3,3,6,5,0,3
24,No,Travel_Frequently,169,Human Resources,20,5,Marketing,4,Female,68,2,1,Healthcare Representative,2,Married,4474,21403,5,Yes,11,4,4,2,0,3,4,11,8,1,11
26,Yes,Travel_Rarely,1318,Research & Development,29,3,Other,2,Male,57,1,3,Laboratory Technician,3,Divorced,3720,5719,1,No,22,3,3,1,3,0,2,21,15,13,13
25,No,Non-Travel,1180,Human Resources,12,4,Human Resources,4,Male,93,1,1,Human Resources,1,Divorced,19800,7563,6,No,11,3,2,0,31,3,3,26,5,7,8
29,No,Travel_Rarely,1081,Research & Development,9,5,Technical Degree,4,Male,61,1,3,Sales Executive,4,Single,6756,3317,1,No,24,3,2,1,0,5,1,36,11,9,2
51,No,Travel_Frequently,1075,Research & Development,15,4,Human Resources,4,Male,38,4,5,Manager,2,Married,19116,9204,2,No,25,3,4,1,12,0,2,10,18,0,5
50,No,Travel_Rarely,1293,Sales,9,1,Medical,1,Male,57,3,4,Manager,1,Single,2928,11251,8,No,24,3,4,2,16,4,3,35,12,14,2
40,No,Travel_Rarely,609,Sales,7,4,Life Sciences,3,Female,46,1,5,Healthcare Representative,1,Married,18311,15345,3,Yes,24,3,1,0,11,3,3,12,12,3,0
41,No,Travel_Rarely,938,Research & Development,26,2,Technical Degree,4,Male,84,4,5,Healthcare Representative,3,Married,14482,7086,4,Yes,20,3,2,2,6,2,1,31,3,8,2
54,No,Non-Travel,1227,Research & Development,24,2,Technical Degree,4,Female,39,2,3,Healthcare Representative,4,Single,17974,15740,8,No,12,3,3,3,2,1,4,7,8,1,13
52,No,Non-Travel,987,Sales,12,5,Medical,2,Male,35,3,2,Manager,2,Married,15244,13964,6,No,21,3,4,3,25,4,1,6,13,2,1
57,Yes,Travel_Frequently,895,Research & Development,28,4,Human Resources,3,Male,77,2,4,Research Director,1,Married,16719,6881,7,No,25,4,4,0,30,5,4,16,13,10,11
39,No,Travel_Rarely,523,Research & Development,20,5,Life Sciences,1,Female,96,2,5,Research Scientist,2,Married,15443,25296,2,No,16,3,4,3,35,2,4,21,16,5,9
44,No,Non-Travel,876,Research & Development,24,3,Technical Degree,1,Male,70,4,1,Manager,4,Single,14487,23204,3,No,24,3,4,0,25,4,4,33,4,12,12
52,No,Travel_Frequently,579,Research & Development,14,2,Life Sciences,2,Male,89,2,4,Sales Executive,3,Divorced,4890,20850,6,No,11,4,2,1,2,5,3,19,18,14,3
18,No,Travel_Rarely,1027,Research & Development,22,5,Technical Degree,1,Male,71,3,2,Manufacturing Director,3,Married,3008,13234,3,No,15,3,4,3,27,3,3,7,1,10,0
52,No,Travel_Rarely,221,Sales,16,3,Human Resources,2,Male,57,2,4,Laboratory Technician,3,Divorced,15858,5393,1,Yes,25,3,2,1,16,4,4,21,12,9,10
54,No,Travel_Rarely,1416,Sales,29,5,Other,3,Male,42,4,5,Human Resources,2,Divorced,11912,11454,9,No,15,3,1,2,37,4,4,26,10,2,15
31,Yes,Non-Travel,589,Sales,19,4,Technical Degree,2,Male,44,1,1,Laboratory Technician,2,Single,17793,8545,5,No,25,3,1,3,29,4,3,33,1,14,11
20,No,Travel_Rarely,1286,Sales,23,4,Other,2,Male,65,4,5,Manager,1,Single,15709,15035,8,No,25,4,3,2,1,0,4,20,0,14,2
18,No,Travel_Frequently,179,Research & Development,3,4,Technical Degree,4,Male,44,1,2,Sales Executive,4,Married,6454,18087,1,Yes,14,3,4,2,7,2,3,14,2,3,17
22,No,Non-Travel,1163,Research & Development,11,4,Marketing,1,Male,85,2,3,Manager,4,Single,3637,16714,0,No,21,3,3,0,13,6,4,4,11,8,16
43,No,Travel_Rarely,542,Sales,23,1,Human Resources,3,Male,33,1,1,Manufacturing Director,4,Divorced,19049,22287,7,No,15,4,2,2,36,5,3,37,6,8,4
31,No,Travel_Rarely,563,Research & Development,21,3,Medical,3,Male,81,4,2,Research Director,2,Married,18013,20885,0,No,22,3,3,0,34,3,1,16,0,9,15
56,No,Travel_Rarely,713,Sales,20,3,Other,4,Male,39,4,2,Human Resources,3,Divorced,1255,23342,0,No,11,4,3,0,38,1,4,7,8,4,13
44,No,Travel_Rarely,1419,Human Resources,19,4,Medical,2,Female,74,3,5,Manufacturing Director,4,Single,6221,15178,2,No,21,3,4,0,10,3,4,18,17,6,5
26,No,Travel_Rarely,1018,Human Resources,8,1,Human Resources,3,Male,58,3,5,Manager,1,Single,4348,7121,4,No,21,3,2,0,14,3,1,4,5,8,2
32,Yes,Travel_Rarely,1217,Sales,20,4,Medical,3,Female,82,1,5,Sales Executive,2,Married,3377,6354,8,Yes,16,3,2,0,1,0,2,22,8,7,5
32,No,Travel_Rarely,710,Research & Development,8,1,Human Resources,2,Male,58,1,3,Manufacturing Director,3,Single,13195,6922,9,Yes,17,4,4,1,36,0,4,18,7,10,11
43,No,Travel_Rarely,107,Sales,26,4,Medical,2,Female,52,3,4,Sales Representative,4,Married,2848,10866,1,Yes,18,3,2,0,31,4,2,13,17,6,10
59,No,Non-Travel,782,Research & Development,3,2,Other,3,Male,86,2,4,Sales Executive,3,Divorced,7214,11106,0,No,25,4,1,3,39,3,1,9,14,11,6
30,No,Non-Travel,996,Research & Development,10,2,Marketing,2,Female,79,3,5,Research Director,1,Married,5404,10409,0,No,12,3,4,0,12,2,4,30,0,7,0
49,No,Non-Travel,372,Sales,13,5,Medical,1,Female,50,2,5,Manager,4,Married,16299,16353,7,Yes,25,3,4,1,16,0,2,12,13,4,15
56,No,Travel_Rarely,912,Research & Development,9,4,Other,3,Male,72,1,3,Healthcare Representative,4,Single,4700,14725,9,No,25,3,4,3,14,5,4,21,17,4,15
49,No,Travel_Rarely,660,Sales,6,3,Technical Degree,2,Female,39,1,4,Human Resources,3,Married,8479,20352,9,No,17,3,1,3,32,0,4,36,18,4,16
21,No,Travel_Rarely,200,Sales,15,5,Human Resources,3,Male,59,4,3,Research Scientist,2,Divorced,4850,5217,9,No,16,3,2,1,15,2,3,38,18,15,14
47,No,Travel_Rarely,627,Research & Development,16,2,Life Sciences,3,Male,80,4,2,Healthcare Representative,3,Divorced,5357,6318,1,No,19,4,1,3,12,0,2,9,9,0,8
54,No,Travel_Rarely,295,Sales,5,4,Life Sciences,4,Female,62,2,4,Manager,1,Married,18785,23732,8,No,25,3,1,1,21,6,3,30,5,5,4
40,No,Travel_Rarely,1282,Research & Development,21,5,Human Resources,1,Female,47,2,5,Sales Representative,3,Divorced,7069,21676,8,Yes,18,3,1,2,22,2,3,34,16,4,7
56,Yes,Travel_Rarely,1240,Research & Development,13,4,Marketing,1,Male,51,3,1,Healthcare Representative,3,Married,16534,13071,1,No,24,4,3,2,35,6,2,12,13,7,0
32,Yes,Travel_Frequently,497,Human Resources,19,2,Medical,4,Male,93,2,2,Human Resources,4,Single,5309,25560,2,Yes,21,3,2,0,9,6,2,29,12,7,6
60,No,Travel_Rarely,871,Sales,2,5,Marketing,4,Female,50,1,1,Sales Executive,2,Single,4347,16702,1,No,24,4,2,0,16,1,3,33,7,1,10
46,No,Non-Travel,1125,Research & Development,6,2,Life Sciences,3,Female,30,1,3,Sales Representative,2,Divorced,6496,3304,5,Yes,25,3,4,0,29,2,4,35,9,10,12
53,No,Travel_Rarely,981,Research & Development,27,1,Other,1,Female,44,1,3,Sales Representative,2,Single,4523,11312,6,Yes,14,3,4,0,12,1,4,34,8,5,12
30,No,Non-Travel,1339,Research & Development,1,2,Human Resources,4,Female,65,4,3,Manufacturing Director,2,Married,18152,23882,5,Yes,24,3,3,1,29,5,1,3,4,11,6
49,No,Non-Travel,846,Human Resources,15,4,Human Resources,2,Male,76,2,5,Human Resources,3,Married,12289,22595,2,No,23,3,1,2,29,4,4,3,3,10,10
24,No,Travel_Rarely,784,Research & Development,15,3,Marketing,3,Female,83,2,3,Healthcare Representative,4,Married,11316,14547,2,No,19,3,4,1,6,4,2,5,5,9,17
39,No,Travel_Rarely,116,Research & Development,14,2,Other,1,Male,61,4,1,Manufacturing Director,4,Married,10924,7523,1,Yes,11,4,2,3,9,6,2,27,5,9,0
45,No,Non-Travel,469,Research & Development,7,3,Marketing,3,Male,87,4,2,Sales Representative,2,Single,12167,17304,1,No,21,3,4,3,34,0,1,29,12,14,11
19,No,Travel_Rarely,739,Human Resources,5,1,Medical,3,Male,75,4,5,Manufacturing Director,3,Single,9630,10783,4,No,16,3,1,3,1,2,2,26,3,5,2
59,No,Travel_Rarely,954,Human Resources,20,5,Technical Degree,2,Male,83,1,2,Laboratory Technician,2,Married,11556,14815,7,Yes,18,4,3,3,29,0,3,4,7,2,0
23,Yes,Travel_Rarely,1338,Research & Development,25,5,Other,2,Male,62,2,3,Human Resources,2,Married,14494,11979,5,Yes,21,3,1,3,18,2,1,38,4,0,3
45,No,Non-Travel,801,Research & Development,26,3,Technical Degree,4,Female,68,3,4,Research Director,4,Married,3468,23236,8,No,21,4,4,2,38,0,1,34,1,6,5
45,No,Travel_Rarely,106,Sales,16,5,Medical,2,Male,52,3,5,Sales Executive,4,Married,6282,10276,4,No,14,3,3,1,36,4,4,38,8,9,4
37,No,Travel_Rarely,332,Sales,17,2,Technical Degree,1,Male,72,2,3,Sales Representative,2,Single,19111,11010,9,Yes,12,3,3,3,2,5,4,14,10,4,10
47,No,Travel_Rarely,1326,Research & Development,11,3,Life Sciences,4,Female,84,2,5,Human Resources,3,Divorced,10466,2469,3,No,21,3,1,0,24,4,3,18,10,11,12
28,No,Travel_Rarely,1274,Sales,15,4,Technical Degree,1,Male,31,4,4,Research Director,2,Married,6432,25891,8,No,12,3,4,2,33,0,3,29,6,15,10
45,No,Non-Travel,1113,Research & Development,20,2,Medical,1,Male,95,4,1,Research Director,4,Single,18701,22876,9,No,20,3,1,0,21,2,4,37,13,11,5
42,No,Travel_Rarely,1351,Sales,16,2,Technical Degree,4,Male,67,1,1,Manager,4,Married,18443,22337,4,Yes,11,3,4,2,37,3,4,31,5,9,14
56,No,Travel_Rarely,687,Sales,3,2,Human Resources,2,Female,58,4,1,Manufacturing Director,3,Divorced,6488,20164,0,No,15,3,4,2,13,5,3,39,3,4,12
50,No,Travel_Rarely,270,Research & Development,6,4,Marketing,3,Male,96,2,4,Research Director,2,Divorced,16428,7106,4,Yes,23,3,2,0,38,2,4,28,5,10,9
18,No,Travel_Rarely,862,Human Resources,21,1,Life Sciences,2,Male,65,1,2,Laboratory Technician,2,Single,3258,18734,4,No,16,4,3,0,1,0,1,5,2,7,0
44,Yes,Non-Travel,893,Sales,23,5,Human Resources,1,Male,58,3,4,Human Resources,1,Married,3818,22078,4,Yes,14,3,4,3,31,2,3,25,5,11,12
30,No,Travel_Frequently,1101,Research & Development,13,3,Human Resources,1,Male,66,2,4,Research Scientist,2,Single,3930,2144,1,No,14,3,1,0,2,1,4,26,2,4,5
58,No,Travel_Rarely,253,Research & Development,1,1,Medical,4,Male,74,3,3,Research Scientist,3,Single,5685,8684,5,No,15,3,1,1,40,2,2,34,0,4,11
20,No,Travel_Rarely,1117,Sales,29,3,Marketing,1,Male,45,2,1,Sales Representative,4,Married,3426,9531,4,No,24,3,2,2,7,4,2,27,17,0,16
56,No,Travel_Rarely,325,Research & Development,21,5,Marketing,4,Male,60,2,5,Manufacturing Director,1,Married,17925,17256,1,Yes,25,3,2,2,25,6,3,4,3,1,17
23,No,Travel_Rarely,605,Research & Development,14,4,Other,4,Female,63,1,2,Research Director,3,Divorced,14472,19072,9,No,15,3,2,3,31,4,2,40,5,4,7
25,No,Non-Travel,145,Sales,2,2,Life Sciences,2,Male,79,1,5,Human Resources,3,Married,9176,15199,7,No,24,3,3,2,10,1,2,15,16,6,13
44,No,Travel_Rarely,798,Human Resources,2,2,Medical,1,Male,94,4,3,Sales Representative,1,Single,2478,6825,5,Yes,24,3,2,0,0,5,1,40,17,2,4
26,No,Travel_Rarely,605,Sales,27,4,Life Sciences,2,Male,91,2,3,Healthcare Representative,2,Married,8301,5967,9,No,24,3,3,2,14,2,3,17,5,11,1
54,Yes,Travel_Rarely,1366,Research & Development,15,1,Other,3,Male,72,2,2,Research Director,1,Single,7940,13722,2,Yes,24,4,2,2,3,5,2,12,1,14,10
50,No,Non-Travel,1031,Research & Development,27,1,Technical Degree,2,Female,85,1,5,Manufacturing Director,3,Single,2100,11358,8,No,19,3,3,0,3,3,4,24,11,0,2
59,No,Travel_Rarely,944,Sales,18,3,Human Resources,1,Male,44,3,2,Research Scientist,2,Married,17372,7842,3,No,18,3,4,0,27,2,3,9,11,10,15
41,No,Travel_Frequently,452,Research & Development,9,4,Life Sciences,3,Male,77,4,2,Manager,4,Married,1269,23715,2,Yes,19,3,2,2,9,4,3,28,3,11,15
32,Yes,Travel_Rarely,124,Human Resources,26,1,Human Resources,1,Female,78,2,1,Human Resources,1,Single,11465,3570,6,Yes,23,3,3,1,10,6,2,9,15,1,8
49,No,Travel_Rarely,699,Sales,3,4,Medical,3,Male,73,1,5,Sales Executive,3,Married,14444,23348,7,Yes,24,3,4,0,22,4,2,5,9,2,12
49,Yes,Travel_Rarely,1168,Research & Development,4,5,Technical Degree,1,Male,39,2,1,Sales Representative,2,Single,10386,10126,6,No,13,3,2,1,2,5,1,15,9,15,9
41,No,Travel_Frequently,567,Research & Development,15,2,Medical,2,Male,49,1,1,Human Resources,3,Single,16822,5114,0,No,24,3,4,1,38,0,4,24,6,11,16
58,Yes,Travel_Frequently,141,Research & Development,5,2,Technical Degree,1,Male,99,4,1,Human Resources,2,Married,5310,24544,0,Yes,13,3,2,3,38,4,1,3,13,8,16
29,Yes,Travel_Rarely,404,Research & Development,20,2,Technical Degree,4,Male,37,3,4,Laboratory Technician,2,Single,8216,26531,4,No,11,3,1,1,16,0,1,36,6,7,9
56,No,Travel_Rarely,276,Sales,20,4,Human Resources,4,Male,74,2,3,Healthcare Representative,1,Married,17485,14778,7,Yes,24,3,3,3,21,4,4,33,11,14,7
19,No,Travel_Rarely,1100,Human Resources,5,4,Medical,2,Male,63,2,3,Research Director,4,Single,9565,13016,9,No,20,3,1,1,26,4,2,18,10,3,6
20,No,Travel_Rarely,722,Human Resources,10,3,Medical,2,Female,80,4,4,Research Director,2,Married,14804,17480,2,No,23,3,3,3,15,6,1,32,16,7,13
54,No,Travel_Rarely,1318,Research & Development,16,2,Life Sciences,3,Male,33,3,2,Manufacturing Director,3,Single,7134,10160,7,No,16,3,1,0,15,3,3,3,10,12,17
34,Yes,Travel_Rarely,345,Research & Development,25,3,Medical,2,Male,68,2,5,Sales Executive,2,Single,2933,14183,2,Yes,14,3,2,2,39,0,1,33,2,8,17
19,No,Non-Travel,937,Research & Development,12,2,Life Sciences,4,Male,53,4,5,Sales Executive,4,Married,7692,15502,3,No,21,3,1,2,2,0,4,11,18,2,13
19,No,Travel_Rarely,381,Research & Development,25,3,Marketing,2,Male,84,2,5,Manufacturing Director,3,Divorced,19931,10261,9,No,25,3,2,3,32,4,1,30,3,15,9
45,Yes,Travel_Rarely,1161,Research & Development,14,3,Marketing,4,Male,55,2,1,Manager,2,Single,19669,14910,6,No,25,3,3,0,1,0,1,15,7,5,0
40,No,Travel_Rarely,658,Research & Development,22,5,Marketing,2,Female,54,4,5,Research Director,2,Married,14340,23258,2,No,24,3,2,3,38,4,3,1,13,7,8
54,No,Travel_Rarely,999,Research & Development,11,3,Other,4,Female,65,4,5,Manager,1,Married,10954,22523,3,No,18,3,1,3,26,4,4,1,13,9,17
49,No,Travel_Frequently,1279,Research & Development,28,4,Medical,3,Female,87,1,5,Human Resources,4,Married,18303,4327,7,No,12,3,4,0,14,5,3,35,15,6,12
50,No,Travel_Rarely,1148,Research & Development,19,3,Other,1,Female,41,1,3,Human Resources,2,Divorced,1315,10211,3,No,21,3,3,1,6,2,2,5,14,8,16
18,No,Travel_Frequently,820,Sales,6,2,Medical,1,Male,30,2,4,Research Scientist,4,Single,5240,16644,8,No,12,3,4,1,8,0,4,22,11,6,15
36,Yes,Travel_Rarely,1033,Sales,10,3,Life Sciences,4,Male,79,4,2,Sales Executive,2,Divorced,7037,8453,3,No,17,3,4,0,40,6,1,38,15,0,10
19,No,Travel_Rarely,192,Research & Development,20,1,Other,2,Male,54,3,4,Research Scientist,3,Married,13216,16458,3,No,23,3,4,3,5,1,3,36,18,8,8
43,No,Travel_Rarely,491,Research & Development,3,2,Other,2,Male,34,3,5,Healthcare Representative,4,Married,7667,6291,4,No,25,3,4,2,11,5,3,15,4,11,6
49,No,Non-Travel,1484,Research & Development,22,1,Other,1,Female,97,2,2,Manufacturing Director,3,Divorced,7345,12387,0,No,15,3,4,3,29,0,4,18,11,15,0
23,No,Travel_Rarely,651,Research & Development,15,2,Technical Degree,4,Male,35,1,2,Manufacturing Director,4,Married,14905,11426,6,Yes,23,3,1,1,19,6,3,23,4,4,8
49,No,Travel_Rarely,1032,Research & Development,11,4,Life Sciences,2,Female,55,4,4,Human Resources,3,Married,10639,2709,8,Yes,11,3,2,0,19,0,4,26,9,5,9
21,No,Travel_Frequently,1353,Research & Development,22,4,Marketing,1,Male,84,4,4,Research Director,2,Married,18265,14938,8,No,17,3,2,0,26,3,2,6,16,1,15
28,No,Travel_Rarely,1327,Sales,2,4,Life Sciences,4,Female,68,1,4,Manager,3,Married,2150,14495,0,No,17,3,4,0,19,1,4,29,14,15,17
34,No,Travel_Rarely,1475,Research & Development,25,1,Technical Degree,3,Female,38,4,4,Sales Executive,3,Single,18058,20044,5,No,20,4,1,1,6,1,4,40,7,14,13
55,No,Travel_Rarely,1163,Research & Development,24,5,Medical,2,Female,74,2,1,Research Scientist,2,Married,9409,11262,2,No,16,4,4,3,39,6,2,13,7,1,10
41,No,Travel_Rarely,834,Research & Development,6,2,Life Sciences,2,Female,43,4,3,Manager,4,Single,1960,11602,3,No,14,3,4,0,39,3,2,14,7,12,3
22,No,Non-Travel,601,Research & Development,17,4,Other,4,Male,84,4,3,Research Scientist,3,Divorced,10258,17648,7,No,22,3,3,2,29,3,1,11,9,3,12
51,Yes,Non-Travel,1168,Sales,28,2,Marketing,1,Female,38,1,5,Healthcare Representative,1,Divorced,13945,4433,3,No,23,3,1,0,7,0,3,28,12,3,0
23,No,Travel_Rarely,972,Sales,18,1,Marketing,4,Female,44,1,1,Healthcare Representative,1,Married,15464,18340,7,No,18,3,4,3,1,2,2,22,15,4,14
39,No,Travel_Rarely,618,Sales,4,5,Medical,1,Female,66,3,2,Manager,3,Married,5731,10203,3,Yes,22,3,2,1,13,6,2,12,8,6,14
28,No,Non-Travel,169,Research & Development,23,1,Life Sciences,4,Female,79,2,4,Manager,3,Single,13821,25852,8,No,21,3,3,2,9,3,3,8,15,12,10
33,No,Travel_Rarely,224,Sales,9,2,Technical Degree,3,Female,50,1,5,Manager,3,Single,5017,25185,5,No,12,3,4,2,17,1,3,23,9,10,4
50,Yes,Travel_Rarely,437,Research & Development,10,5,Medical,2,Female,86,1,2,Research Scientist,4,Divorced,11069,12382,0,Yes,12,4,4,0,17,6,1,38,2,11,9
26,No,Travel_Rarely,1278,Research & Development,21,5,Life Sciences,1,Male,48,1,3,Laboratory Technician,2,Single,14065,15411,9,No,12,3,4,3,15,1,1,29,13,14,17
23,No,Travel_Frequently,1075,Sales,26,1,Human Resources,3,Female,87,4,2,Manager,1,Married,7664,18856,1,Yes,13,3,1,0,4,0,4,0,12,0,6
33,No,Travel_Rarely,880,Research & Development,2,4,Marketing,4,Male,35,2,4,Research Director,1,Divorced,18164,5559,6,No,16,4,4,2,30,6,1,9,3,15,0
46,No,Non-Travel,1287,Sales,29,2,Technical Degree,1,Male,33,2,4,Sales Executive,4,Divorced,14036,24483,9,No,11,3,2,0,36,2,2,37,3,9,2
20,No,Travel_Frequently,1339,Research & Development,11,3,Other,1,Male,72,4,3,Sales Executive,3,Married,5039,20749,6,No,21,3,3,3,19,4,2,14,5,3,0
37,No,Travel_Rarely,524,Sales,11,3,Technical Degree,3,Male,71,4,4,Research Scientist,3,Married,1530,19485,2,No,12,3,1,1,22,6,3,8,18,12,16
53,No,Travel_Rarely,1040,Research & Development,11,1,Other,4,Male,32,1,1,Manager,2,Married,2409,8894,0,No,20,3,3,2,31,3,1,12,10,8,14
36,Yes,Travel_Rarely,905,Sales,1,2,Technical Degree,3,Male,30,3,5,Human Resources,2,Divorced,12939,18587,7,Yes,25,3,2,3,16,3,4,22,7,15,4
43,No,Travel_Rarely,735,Human Resources,26,2,Marketing,4,Male,84,3,3,Manufacturing Director,1,Married,4732,4865,9,Yes,12,3,4,0,12,0,4,32,13,15,15
20,No,Travel_Rarely,1355,Research & Development,14,1,Other,3,Male,44,2,3,Laboratory Technician,2,Married,7588,5977,9,Yes,24,3,1,2,12,5,4,8,7,7,11
36,No,Travel_Rarely,1184,Research & Development,29,2,Life Sciences,3,Male,76,3,2,Research Director,1,Single,19251,4694,6,No,22,3,4,0,16,5,4,2,13,2,13
37,No,Travel_Rarely,197,Research & Development,1,4,Other,3,Female,75,1,3,Human Resources,4,Single,5790,7612,9,Yes,11,3,1,0,14,2,3,29,6,5,2
49,Yes,Travel_Rarely,1387,Research & Development,21,1,Medical,3,Female,87,4,5,Healthcare Representative,3,Married,13882,21721,7,No,13,3,4,1,25,1,1,8,17,10,0
24,No,Travel_Rarely,455,Research & Development,23,4,Life Sciences,4,Female,68,2,1,Human Resources,3,Divorced,19791,19483,0,No,20,4,2,0,27,1,1,24,11,8,0
58,No,Travel_Rarely,1437,Research & Development,25,2,Medical,2,Female,32,2,2,Research Scientist,1,Divorced,17535,18783,2,No,17,3,2,0,29,4,1,23,13,7,9
50,No,Non-Travel,1261,Research & Development,9,1,Technical Degree,3,Female,59,4,5,Laboratory Technician,3,Divorced,12052,18017,1,No,25,3,4,3,34,1,1,31,14,6,2
57,No,Travel_Rarely,1068,Research & Development,24,2,Life Sciences,4,Male,64,3,3,Sales Representative,4,Married,17384,7795,0,Yes,23,3,2,0,21,5,4,6,17,6,12
56,No,Non-Travel,1024,Research & Development,1,1,Technical Degree,2,Female,86,2,4,Sales Representative,2,Divorced,18110,3052,4,No,11,3,4,1,9,5,4,35,11,0,5
35,No,Travel_Rarely,574,Sales,21,2,Human Resources,1,Female,58,4,4,Manager,4,Divorced,1651,23748,2,No,17,3,1,0,10,3,3,24,9,14,10
57,No,Travel_Rarely,531,Research & Development,22,4,Technical Degree,1,Male,79,4,5,Manager,3,Married,19941,9689,9,No,15,3,2,0,37,4,3,19,11,4,5
18,No,Travel_Rarely,1076,Research & Development,22,4,Technical Degree,3,Male,91,3,1,Research Scientist,4,Married,12894,5632,7,No,19,4,1,0,32,2,4,16,7,6,2
28,No,Travel_Rarely,638,Research & Development,4,2,Medical,1,Female,81,3,4,Manager,3,Married,8558,25498,5,No,12,4,4,2,5,4,2,35,5,13,15
45,No,Travel_Rarely,1271,Research & Development,1,1,Other,3,Male,43,1,5,Manufacturing Director,1,Divorced,14406,20108,9,No,11,4,1,1,36,6,1,25,18,12,8
42,No,Non-Travel,188,Research & Development,19,3,Human Resources,3,Female,64,3,2,Laboratory Technician,2,Single,16083,12077,8,No,19,3,3,2,6,2,3,18,0,1,7
40,No,Travel_Rarely,210,Human Resources,10,4,Technical Degree,2,Male,57,3,3,Research Scientist,2,Divorced,14780,4697,8,Yes,18,4,4,1,11,5,4,36,12,14,2
48,No,Travel_Rarely,1470,Sales,15,4,Technical Degree,1,Male,87,4,1,Sales Executive,3,Single,1958,26736,5,No,20,3,2,1,6,1,1,2,15,5,4
47,No,Travel_Rarely,1391,Research & Development,20,3,Human Resources,3,Male,59,2,1,Healthcare Representative,3,Married,17914,15561,1,No,16,4,2,3,1,0,1,27,17,13,13
59,No,Travel_Rarely,1095,Research & Development,4,2,Human Resources,1,Male,36,4,2,Research Scientist,2,Married,15741,2299,8,Yes,25,4,3,2,0,4,4,21,11,1,4
52,No,Travel_Rarely,1458,Research & Development,29,1,Life Sciences,2,Male,68,1,1,Research Scientist,4,Married,17747,14536,1,No,15,4,4,1,22,4,2,18,4,2,4
24,No,Non-Travel,923,Research & Development,20,2,Medical,1,Female,98,4,5,Sales Representative,4,Married,18875,7785,2,No,18,3,4,1,24,3,2,15,12,0,1
33,No,Travel_Rarely,1038,Sales,14,5,Human Resources,2,Female,64,1,1,Research Director,4,Divorced,10848,8235,5,No,18,3,4,3,17,3,3,5,7,2,6
43,No,Travel_Rarely,1106,Research & Development,5,4,Human Resources,2,Female,81,3,1,Research Director,2,Married,13832,21623,1,Yes,24,3,4,2,6,5,4,36,5,14,0
19,Yes,Travel_Rarely,750,Research & Development,29,5,Marketing,2,Male,43,2,1,Manufacturing Director,1,Single,19608,21598,4,No,15,3,1,0,2,2,3,30,2,6,17
18,No,Travel_Frequently,292,Research & Development,15,4,Other,3,Female,92,2,5,Sales Executive,3,Married,19930,8822,1,Yes,22,3,4,3,28,0,2,33,3,4,9
29,No,Travel_Rarely,1034,Research & Development,15,4,Human Resources,4,Male,65,4,3,Sales Representative,3,Single,15699,8124,3,No,17,3,1,1,9,6,3,30,11,3,5
22,Yes,Non-Travel,243,Research & Development,27,5,Medical,3,Male,53,2,4,Sales Executive,2,Single,7348,18656,2,Yes,23,3,1,2,4,3,3,10,12,14,6
54,No,Travel_Rarely,1198,Research & Development,25,5,Other,1,Male,69,1,1,Manufacturing Director,1,Married,11965,23645,4,Yes,23,3,2,1,33,3,2,35,1,14,11
49,Yes,Travel_Rarely,941,Research & Development,16,2,Other,3,Male,58,1,2,Research Director,2,Divorced,4774,15477,5,Yes,11,3,4,3,7,1,1,5,18,12,17
26,No,Travel_Rarely,1292,Sales,16,5,Technical Degree,3,Male,82,3,2,Research Scientist,4,Married,3836,18590,6,No,14,4,1,3,13,1,1,26,3,11,10
58,No,Travel_Rarely,269,Research & Development,4,2,Technical Degree,4,Male,51,4,5,Manager,4,Married,3067,11042,9,No,12,3,4,2,39,5,2,6,12,7,3
52,No,Travel_Rarely,667,Sales,25,2,Technical Degree,1,Female,44,3,3,Manager,3,Married,12528,11182,7,Yes,20,3,3,3,5,5,1,31,18,7,12
36,Yes,Travel_Rarely,1384,Research & Development,9,2,Technical Degree,2,Female,98,2,1,Human Resources,3,Single,1739,16308,8,Yes,13,3,1,3,0,3,4,7,7,15,1
33,No,Travel_Rarely,1236,Research & Development,1,4,Marketing,2,Male,93,3,5,Healthcare Representative,3,Divorced,2841,26828,3,No,22,3,2,0,32,2,1,32,7,0,8
20,No,Travel_Frequently,845,Research & Development,5,4,Human Resources,1,Male,33,2,4,Manufacturing Director,3,Married,9609,11071,3,No,11,3,4,1,39,6,2,14,15,8,7
37,No,Travel_Rarely,774,Research & Development,9,5,Technical Degree,3,Male,47,1,3,Healthcare Representative,4,Divorced,16627,3897,6,No,21,3,2,0,10,0,4,26,10,15,13
41,No,Travel_Rarely,965,Sales,20,4,Life Sciences,4,Male,71,4,3,Healthcare Representative,4,Single,8179,17483,9,No,21,4,1,0,23,3,3,29,17,13,8
50,No,Travel_Rarely,940,Research & Development,5,5,Technical Degree,4,Female,59,4,5,Research Director,1,Single,5188,20776,9,No,12,3,1,2,9,2,2,21,3,8,12
41,No,Travel_Rarely,632,Sales,4,4,Human Resources,1,Male,44,3,2,Research Director,3,Divorced,7308,14364,8,Yes,23,3,2,3,22,2,2,28,0,1,17
28,No,Travel_Rarely,1415,Research & Development,29,1,Technical Degree,1,Female,99,2,3,Research Scientist,2,Married,8839,3636,1,No,11,3,4,1,15,3,1,40,0,1,5
25,No,Non-Travel,1075,Research & Development,16,1,Marketing,3,Female,84,1,2,Sales Representative,1,Single,12448,9353,5,No,18,3,1,1,36,2,4,29,13,7,2
53,Yes,Travel_Rarely,663,Sales,2,5,Medical,4,Male,82,2,3,Research Director,1,Single,5811,14494,9,No,14,3,3,1,15,4,2,1,3,11,9
55,No,Non-Travel,276,Research & Development,26,4,Medical,1,Female,45,3,3,Manager,4,Divorced,7624,14640,9,No,13,3,2,3,30,2,4,14,10,10,9
57,No,Non-Travel,403,Research & Development,16,4,Human Resources,3,Male,63,2,3,Healthcare Representative,3,Married,7771,4248,7,No,11,3,1,1,5,3,4,26,17,5,9
37,No,Travel_Rarely,286,Research & Development,18,2,Medical,3,Male,56,1,4,Human Resources,1,Married,6552,10860,4,No,12,3,4,1,29,2,1,6,15,2,8
52,No,Travel_Rarely,1464,Sales,2,3,Medical,1,Male,42,3,2,Laboratory Technician,3,Single,5892,17843,4,No,13,3,1,3,36,6,2,26,16,11,11
42,No,Travel_Rarely,611,Sales,16,5,Life Sciences,4,Male,56,1,4,Manufacturing Director,4,Married,16748,13324,7,Yes,13,3,4,2,0,3,4,20,1,1,7
52,Yes,Travel_Rarely,920,Research & Development,29,3,Human Resources,2,Male,98,3,2,Human Resources,1,Divorced,1675,19859,0,No,16,4,4,1,24,1,4,12,3,4,8
42,No,Non-Travel,1435,Research & Development,1,3,Human Resources,3,Male,60,4,4,Manager,1,Single,1285,7996,5,No,20,3,1,3,20,3,3,16,2,14,16
46,No,Travel_Rarely,1471,Sales,16,5,Medical,2,Female,32,2,4,Research Director,2,Married,15072,3316,9,No,18,4,3,0,34,2,1,10,14,7,7
35,Yes,Travel_Rarely,1206,Research & Development,3,4,Medical,3,Female,59,1,4,Sales Representative,4,Divorced,1890,3595,8,Yes,16,3,4,3,37,3,2,9,1,5,17
35,No,Travel_Rarely,257,Research & Development,15,5,Medical,4,Female,50,1,5,Research Scientist,2,Single,3069,11144,5,No,12,3,2,0,4,0,4,32,18,11,16
19,No,Non-Travel,888,Sales,11,3,Other,2,Male,35,2,4,Laboratory Technician,4,Married,15686,18302,6,No,12,3,4,3,11,3,1,13,8,2,5
52,Yes,Non-Travel,896,Research & Development,10,4,Marketing,1,Female,61,1,3,Sales Executive,2,Married,19475,5668,3,Yes,24,3,4,1,4,3,2,36,9,11,9
33,No,Travel_Rarely,533,Research & Development,17,1,Technical Degree,3,Female,71,1,1,Human Resources,4,Married,7711,5823,9,No,17,3,3,2,8,0,4,7,18,11,0
58,Yes,Travel_Frequently,862,Human Resources,4,5,Marketing,1,Female,91,1,4,Sales Representative,4,Married,10438,13251,0,No,11,3,4,2,8,0,2,32,4,8,0
53,No,Non-Travel,248,Sales,17,5,Human Resources,1,Female,61,4,1,Sales Executive,1,Married,16862,26218,8,No,11,3,1,1,34,0,2,6,13,7,8
50,No,Travel_Rarely,582,Research & Development,4,4,Life Sciences,4,Female,68,1,1,Laboratory Technician,2,Married,1167,21669,5,No,17,3,3,0,0,5,1,33,9,9,2
21,No,Travel_Rarely,536,Research & Development,19,1,Technical Degree,1,Male,93,4,3,Manufacturing Director,2,Married,17005,9570,2,Yes,19,4,4,3,9,4,1,6,15,5,5
50,No,Travel_Frequently,170,Research & Development,25,1,Life Sciences,3,Female,59,2,1,Manufacturing Director,2,Married,6238,20039,3,No,15,4,1,1,38,5,3,6,5,0,6
31,No,Travel_Rarely,976,Research & Development,1,4,Other,1,Male,92,4,1,Healthcare Representative,1,Single,8965,17056,9,No,21,3,1,3,35,3,3,40,7,1,8
38,No,Travel_Rarely,287,Research & Development,14,2,Human Resources,1,Female,60,1,1,Laboratory Technician,3,Married,13575,4616,5,No,11,3,4,1,36,5,3,35,1,15,4
37,No,Travel_Rarely,1005,Research & Development,24,5,Other,3,Male,69,1,2,Laboratory Technician,4,Divorced,3535,4485,5,Yes,15,3,2,1,34,5,4,6,17,3,15
25,No,Travel_Frequently,783,Research & Development,11,5,Human Resources,1,Male,62,1,4,Sales Executive,2,Married,8812,21153,8,Yes,21,3,2,3,16,0,3,19,7,1,1
24,Yes,Non-Travel,305,Research & Development,25,3,Life Sciences,4,Male,92,4,4,Sales Representative,4,Married,7583,20661,3,Yes,11,3,4,2,12,0,2,17,4,2,2
20,Yes,Travel_Frequently,655,Research & Development,28,4,Life Sciences,3,Female,54,3,1,Sales Executive,1,Married,9742,26946,4,No,20,3,4,2,5,1,1,40,16,15,2
34,No,Travel_Rarely,114,Research & Development,7,3,Life Sciences,4,Male,65,3,3,Research Scientist,4,Divorced,18531,14168,4,Yes,25,4,1,0,36,5,2,13,15,13,9
50,Yes,Travel_Frequently,767,Research & Development,17,3,Human Resources,1,Male,53,2,2,Manufacturing Director,1,Divorced,8266,13890,2,Yes,22,3,4,3,31,4,1,39,4,15,2
29,No,Travel_Rarely,1399,Sales,4,1,Medical,2,Female,87,2,3,Manufacturing Director,3,Single,4292,26544,1,No,19,3,4,0,10,3,1,13,16,7,14
39,No,Travel_Rarely,1423,Human Resources,10,5,Life Sciences,4,Female,68,2,3,Healthcare Representative,2,Married,16918,4172,7,No,14,3,1,1,16,6,2,20,3,8,13
39,No,Travel_Rarely,152,Sales,17,3,Other,4,Male,75,1,1,Research Scientist,1,Married,12811,22820,9,Yes,19,3,4,0,4,6,2,26,0,5,3
47,Yes,Travel_Rarely,601,Sales,4,1,Technical Degree,1,Male,39,3,5,Manufacturing Director,4,Married,8905,14363,8,Yes,12,3,4,1,5,2,4,25,5,3,9
55,No,Travel_Rarely,470,Sales,19,4,Human Resources,2,Female,61,3,1,Sales Executive,1,Single,19812,16456,9,Yes,17,3,4,3,9,4,1,26,0,10,10
55,No,Travel_Rarely,825,Research & Development,18,3,Other,3,Female,65,2,5,Research Scientist,1,Divorced,14535,19598,8,No,25,3,1,3,32,4,3,23,3,1,10
25,No,Travel_Rarely,458,Sales,17,5,Marketing,2,Male,57,3,2,Sales Executive,3,Single,19149,15054,4,Yes,22,4,4,3,29,1,4,4,1,6,7
44,No,Travel_Frequently,1128,Sales,6,3,Marketing,3,Female,45,2,5,Manufacturing Director,2,Married,12287,12809,8,No,23,3,2,3,20,3,3,37,12,9,8
44,Yes,Non-Travel,1379,Sales,28,4,Technical Degree,1,Male,45,1,1,Manufacturing Director,1,Married,14251,23897,3,Yes,12,3,4,0,16,3,4,27,13,10,7
51,No,Travel_Rarely,948,Sales,7,3,Medical,2,Female,47,3,1,Sales Representative,1,Single,19699,5464,1,Yes,22,4,2,1,26,0,1,31,16,6,11
38,No,Travel_Rarely,357,Research & Development,6,5,Life Sciences,1,Female,37,1,3,Human Resources,4,Divorced,3579,4002,2,No,14,3,4,2,2,0,2,23,10,9,16
47,No,Travel_Rarely,1275,Research & Development,25,1,Human Resources,4,Male,99,1,1,Human Resources,1,Divorced,1333,21998,0,Yes,16,3,1,3,28,4,2,5,2,8,14
50,No,Travel_Rarely,380,Research & Development,12,5,Other,2,Male,30,3,1,Healthcare Representative,1,Married,10730,6401,4,Yes,24,3,2,3,1,1,1,9,6,4,5
45,No,Travel_Rarely,1184,Research & Development,9,1,Life Sciences,3,Female,91,4,4,Sales Executive,2,Married,6654,22974,0,No,12,4,4,1,28,3,2,2,9,9,4
50,No,Travel_Rarely,547,Research & Development,18,2,Other,4,Female,67,2,4,Sales Executive,2,Single,19338,23228,0,No,12,3,4,2,35,1,1,6,10,3,7
22,No,Travel_Rarely,214,Sales,2,5,Human Resources,3,Male,74,3,3,Manager,4,Married,15413,13391,6,No,12,3,4,3,33,2,1,28,9,9,17
36,No,Travel_Frequently,937,Sales,25,5,Marketing,4,Female,87,1,5,Research Scientist,1,Single,5495,18975,1,Yes,13,3,4,2,36,6,1,33,7,5,14
21,Yes,Travel_Rarely,856,Human Resources,17,4,Life Sciences,3,Female,30,2,5,Research Director,1,Married,3439,25469,7,No,15,3,1,3,0,3,4,6,4,11,2
52,No,Travel_Rarely,468,Research & Development,21,3,Technical Degree,3,Male,61,1,4,Human Resources,1,Divorced,18238,5681,5,No,19,3,3,0,25,0,2,16,1,1,13
34,No,Non-Travel,1185,Sales,1,1,Medical,1,Female,37,2,2,Manufacturing Director,3,Single,14165,14479,3,No,16,3,2,0,0,4,4,12,14,1,14
45,No,Travel_Rarely,430,Research & Development,23,1,Technical Degree,4,Male,69,3,4,Healthcare Representative,3,Divorced,1576,4507,8,No,25,4,4,2,3,1,3,20,15,15,12
47,No,Travel_Rarely,829,Sales,9,4,Medical,1,Female,85,1,2,Research Director,4,Single,3188,22278,9,No,25,3,1,1,38,6,1,30,3,11,8
46,No,Travel_Rarely,1107,Research & Development,6,4,Other,1,Male,92,2,5,Laboratory Technician,3,Divorced,3028,24649,7,Yes,22,4,3,1,13,6,2,8,15,8,16
23,No,Travel_Rarely,821,Sales,2,3,Life Sciences,1,Male,65,2,4,Healthcare Representative,4,Single,16928,13046,9,Yes,24,3,1,0,17,6,3,12,11,6,3
52,No,Non-Travel,1188,Sales,6,3,Life Sciences,1,Male,86,3,1,Laboratory Technician,1,Married,19713,5551,2,Yes,19,3,4,1,33,0,1,16,13,6,9
58,No,Travel_Rarely,285,Sales,9,5,Medical,3,Female,74,2,2,Laboratory Technician,3,Single,19039,10558,2,No,20,4,3,1,0,4,3,7,11,12,2
54,No,Travel_Rarely,1124,Human Resources,3,2,Marketing,1,Female,31,2,2,Laboratory Technician,2,Divorced,4918,25447,3,No,25,3,2,1,21,0,4,8,15,4,8
41,No,Travel_Rarely,412,Research & Development,16,3,Human Resources,1,Female,97,1,2,Sales Representative,3,Married,9024,3244,8,No,24,3,2,2,15,3,4,8,15,6,4
46,No,Travel_Frequently,278,Sales,25,4,Technical Degree,1,Female,79,3,5,Sales Representative,1,Single,4429,16631,8,Yes,23,3,1,2,21,1,2,39,11,8,13
48,No,Travel_Rarely,1198,Sales,24,3,Other,3,Male,58,3,3,Sales Representative,2,Married,15894,9548,4,No,15,3,2,1,15,2,3,29,1,9,6
52,No,Travel_Rarely,948,Research & Development,15,1,Technical Degree,4,Female,39,1,1,Research Director,4,Married,17749,16879,8,No,21,3,2,0,27,5,3,6,13,4,5
50,No,Travel_Rarely,1292,Sales,29,2,Technical Degree,3,Male,56,4,4,Healthcare Representative,1,Married,8494,23685,5,No,16,3,3,1,27,6,4,16,10,8,7
38,No,Travel_Rarely,1350,Sales,12,5,Other,3,Female,44,1,2,Healthcare Representative,2,Divorced,19673,13675,7,No,20,3,2,3,21,0,4,38,8,0,1
49,No,Travel_Rarely,110,Human Resources,23,1,Other,3,Male,89,1,5,Manufacturing Director,3,Married,5140,2112,7,No,22,3,3,0,5,5,2,37,6,12,13
40,Yes,Travel_Rarely,337,Sales,8,1,Life Sciences,4,Female,60,4,2,Sales Representative,4,Single,11661,11902,9,No,18,3,3,2,24,1,1,4,11,14,6
50,No,Non-Travel,811,Research & Development,26,2,Technical Degree,1,Female,50,2,4,Manufacturing Director,3,Single,15388,21656,6,No,13,3,3,3,1,3,2,16,16,11,2
20,No,Travel_Rarely,1025,Human Resources,6,5,Human Resources,1,Female,89,3,1,Research Scientist,2,Married,15912,18462,3,No,12,3,2,1,6,0,4,39,8,2,5
35,No,Travel_Rarely,786,Research & Development,3,4,Human Resources,4,Male,87,3,2,Manufacturing Director,2,Married,16922,7671,3,No,13,3,1,1,16,3,2,0,5,6,13
42,No,Non-Travel,895,Sales,23,5,Medical,4,Male,70,4,5,Research Director,1,Married,10479,6175,5,No,24,3,1,0,34,2,1,15,11,3,11
59,No,Travel_Rarely,1153,Sales,4,3,Other,2,Male,75,3,5,Human Resources,4,Single,17858,8548,8,No,19,4,2,0,19,6,4,16,9,14,17
48,No,Travel_Rarely,909,Research & Development,27,1,Life Sciences,1,Female,74,4,3,Laboratory Technician,4,Married,12549,11027,6,Yes,25,3,3,1,1,2,1,29,8,1,11
20,Yes,Travel_Rarely,128,Research & Development,10,3,Human Resources,3,Male,55,2,5,Sales Representative,2,Divorced,18880,4765,4,No,16,3,2,1,6,6,2,30,11,11,6
57,Yes,Travel_Rarely,651,Research & Development,14,4,Marketing,3,Female,80,4,3,Human Resources,1,Single,5606,13065,4,Yes,20,3,4,0,31,4,1,34,0,13,4
41,Yes,Travel_Rarely,1321,Sales,21,3,Life Sciences,1,Male,65,3,1,Manufacturing Director,2,Married,5545,17064,7,No,22,3,1,3,18,4,4,7,1,2,11
49,No,Travel_Frequently,1328,Research & Development,24,5,Life Sciences,4,Male,81,3,4,Laboratory Technician,2,Married,17718,8481,5,Yes,14,3,3,2,11,4,4,29,18,6,8
39,No,Travel_Rarely,186,Human Resources,15,3,Human Resources,2,Female,80,4,3,Healthcare Representative,4,Married,10966,8927,0,No,20,3,2,0,8,3,1,38,0,7,10
40,No,Travel_Rarely,1155,Research & Development,7,4,Marketing,3,Male,32,3,2,Sales Executive,3,Married,5171,21102,0,Yes,13,3,3,3,26,4,2,20,15,10,3
19,No,Travel_Frequently,567,Human Resources,7,4,Medical,2,Female,43,4,2,Laboratory Technician,3,Married,1312,23977,8,No,23,3,4,1,13,1,2,14,15,8,13
44,Yes,Travel_Rarely,1224,Research & Development,8,4,Human Resources,3,Female,78,3,4,Research Director,4,Divorced,6076,2608,7,No,12,3,3,2,1,5,2,33,17,5,11
59,No,Non-Travel,1315,Research & Development,10,5,Marketing,3,Male,30,1,5,Research Director,1,Single,6033,2300,5,No,25,3,4,3,20,5,2,26,17,9,17
19,No,Travel_Rarely,113,Research & Development,19,4,Life Sciences,1,Male,86,2,2,Manufacturing Director,4,Married,8724,3041,0,Yes,24,3,1,2,3,3,3,1,12,8,6
43,No,Travel_Rarely,1114,Sales,19,1,Marketing,3,Male,46,3,3,Research Scientist,1,Single,12235,12727,1,Yes,14,3,3,2,20,3,3,9,11,3,0
34,No,Travel_Rarely,1155,Sales,2,4,Life Sciences,2,Male,79,3,4,Research Director,4,Married,3640,17474,9,No,19,4,2,2,21,4,1,4,8,11,12
57,No,Non-Travel,1163,Research & Development,15,3,Human Resources,2,Female,43,3,2,Research Director,1,Married,14421,20306,2,Yes,14,3,3,3,1,6,3,26,4,4,15
50,No,Travel_Rarely,673,Sales,1,3,Other,1,Male,88,4,5,Manufacturing Director,2,Married,16046,8955,9,No,23,3,3,3,16,5,3,3,8,0,4
26,No,Non-Travel,1419,Research & Development,10,3,Human Resources,3,Male,32,3,5,Laboratory Technician,2,Single,12656,8188,2,No,22,3,4,1,18,5,3,12,12,13,8
60,Yes,Travel_Frequently,1485,Human Resources,6,5,Technical Degree,2,Male,69,4,2,Research Scientist,1,Married,13578,8439,1,Yes,15,3,4,2,39,4,1,16,15,8,8
56,No,Travel_Frequently,1015,Research & Development,22,3,Technical Degree,4,Male,95,3,4,Human Resources,4,Married,3378,20645,1,No,25,3,2,0,23,3,3,20,9,8,11
46,No,Travel_Frequently,281,Sales,13,5,Technical Degree,1,Male,63,1,1,Sales Executive,2,Married,12668,16054,5,No,18,3,1,0,19,2,2,22,15,8,17
59,No,Travel_Rarely,898,Sales,10,5,Human Resources,4,Female,38,1,2,Sales Representative,4,Married,1537,26457,6,No,12,3,1,0,37,6,2,32,13,2,9
43,No,Non-Travel,1237,Sales,12,4,Medical,2,Female,50,2,5,Healthcare Representative,3,Married,11511,24404,3,No,22,3,4,3,11,2,1,14,1,12,16
52,No,Travel_Rarely,1146,Research & Development,24,1,Human Resources,4,Female,54,4,1,Research Director,2,Divorced,5684,8626,0,No,21,3,2,1,24,4,1,13,18,14,10
42,Yes,Travel_Rarely,1270,Research & Development,6,4,Other,1,Female,73,2,4,Manufacturing Director,4,Married,19056,24134,5,No,24,4,3,3,22,2,1,8,10,9,15
41,No,Travel_Rarely,1271,Human Resources,6,4,Marketing,4,Male,54,3,5,Sales Representative,4,Married,3350,8037,6,No,13,3,2,2,33,1,4,36,18,9,7
30,No,Travel_Rarely,542,Research & Development,1,5,Human Resources,2,Female,38,3,4,Healthcare Representative,3,Divorced,14928,16663,3,No,16,3,2,0,31,1,3,29,10,15,14
24,No,Travel_Rarely,988,Human Resources,12,5,Human Resources,4,Male,91,1,2,Healthcare Representative,4,Single,15739,11942,5,No,22,3,2,3,23,1,1,28,13,9,10
53,Yes,Travel_Frequently,522,Research & Development,23,3,Life Sciences,4,Male,55,2,4,Human Resources,1,Single,16265,10887,8,No,17,3,1,0,24,3,1,22,14,7,6
37,No,Non-Travel,1441,Sales,23,3,Life Sciences,4,Male,86,3,5,Human Resources,2,Married,5914,7533,3,No,14,3,3,3,2,3,1,33,6,2,1
18,No,Travel_Rarely,1291,Research & Development,10,4,Life Sciences,3,Male,66,3,2,Human Resources,1,Married,16548,3297,9,No,24,3,2,0,24,3,2,6,14,12,8
25,No,Travel_Rarely,1328,Research & Development,25,2,Human Resources,2,Female,45,4,5,Manager,3,Divorced,16264,25478,3,Yes,25,4,1,2,27,3,1,8,7,5,17
33,No,Travel_Rarely,569,Sales,14,2,Medical,4,Male,66,3,5,Manager,1,Divorced,9893,11677,9,No,11,3,1,0,11,3,2,3,3,4,12
31,No,Travel_Rarely,814,Research & Development,15,3,Marketing,2,Female,53,2,1,Healthcare Representative,4,Married,10152,16505,4,No,17,3,4,2,25,4,2,1,17,7,0
29,No,Travel_Rarely,486,Sales,28,2,Marketing,4,Male,55,1,3,Human Resources,3,Married,6959,25117,2,No,22,3,3,2,7,2,4,26,13,2,12
40,Yes,Travel_Rarely,415,Research & Development,23,3,Other,1,Male,49,1,4,Research Director,3,Married,2369,26167,9,Yes,19,3,2,3,4,4,1,32,17,13,13
32,Yes,Non-Travel,872,Research & Development,24,5,Medical,1,Female,38,3,4,Sales Representative,1,Married,6136,15211,1,No,11,4,3,3,10,2,4,31,3,0,16
45,No,Travel_Rarely,1380,Research & Development,4,4,Medical,1,Male,58,3,1,Sales Representative,3,Divorced,15261,25991,8,Yes,24,3,4,3,34,4,1,36,1,11,0
51,No,Travel_Rarely,1060,Research & Development,25,1,Marketing,4,Male,60,3,4,Manager,1,Married,9739,25104,0,Yes,11,4,4,2,26,1,3,26,5,8,4
19,No,Travel_Rarely,1018,Research & Development,1,4,Technical Degree,2,Male,48,4,1,Healthcare Representative,1,Married,4934,9480,4,No,11,3,2,1,40,0,1,27,10,9,13
49,No,Travel_Rarely,124,Research & Development,8,3,Life Sciences,1,Female,49,3,4,Manufacturing Director,1,Single,9472,5225,4,No,20,3,1,1,37,3,1,2,0,8,17
40,Yes,Non-Travel,440,Research & Development,3,3,Life Sciences,3,Female,56,3,4,Laboratory Technician,3,Single,18421,25612,7,Yes,17,4,4,2,18,0,1,35,14,2,12
39,No,Non-Travel,924,Research & Development,14,4,Marketing,1,Male,73,4,5,Laboratory Technician,3,Single,2251,22208,5,No,21,3,1,2,31,0,1,7,11,1,11
42,Yes,Non-Travel,467,Sales,17,3,Medical,1,Female,64,2,1,Manager,2,Divorced,9793,21144,5,No,19,3,4,3,27,1,1,40,17,3,14
39,Yes,Travel_Rarely,1497,Research & Development,2,2,Other,3,Female,51,4,4,Manufacturing Director,1,Single,10806,19027,5,No,13,3,3,3,35,0,1,36,4,13,3
39,No,Non-Travel,1016,Sales,15,2,Technical Degree,1,Female,44,1,3,Manager,1,Divorced,7415,23219,3,No,18,3,2,3,17,0,4,37,10,15,8
59,No,Travel_Rarely,1344,Research & Development,6,3,Marketing,4,Female,42,4,1,Laboratory Technician,1,Married,14974,19722,0,Yes,19,3,4,1,9,1,3,21,18,7,2
23,No,Non-Travel,576,Research & Development,5,3,Life Sciences,4,Male,33,4,1,Manufacturing Director,1,Married,14742,14172,2,No,13,3,3,1,31,2,4,13,0,5,10
32,No,Travel_Rarely,1481,Research & Development,14,2,Human Resources,1,Female,85,2,1,Human Resources,1,Married,18833,22490,9,No,22,3,4,2,17,4,3,14,16,15,14
60,No,Travel_Rarely,128,Research & Development,19,3,Medical,2,Male,52,2,5,Healthcare Representative,1,Married,4635,24674,5,No,22,3,2,1,11,5,4,3,7,9,15
54,Yes,Travel_Rarely,1043,Human Resources,9,3,Human Resources,2,Male,63,3,1,Sales Representative,1,Married,11083,23023,4,No,13,4,3,3,7,0,4,17,15,14,6
50,No,Travel_Rarely,903,Research & Development,8,4,Other,1,Female,46,4,5,Research Scientist,2,Married,17577,8299,9,No,25,3,1,3,32,3,1,0,10,14,6
25,No,Travel_Frequently,902,Human Resources,29,1,Marketing,3,Female,57,2,3,Healthcare Representative,2,Married,9040,25668,0,No,11,3,4,3,37,1,4,11,18,0,8
22,No,Travel_Rarely,961,Research & Development,3,2,Life Sciences,4,Male,43,1,2,Human Resources,4,Married,4197,26713,4,No,12,3,4,3,13,6,3,40,10,14,16
56,No,Travel_Frequently,1348,Sales,18,4,Technical Degree,4,Male,63,3,5,Laboratory Technician,1,Married,3954,15963,1,No,17,3,3,3,1,6,2,16,14,7,12
21,No,Non-Travel,965,Sales,8,1,Human Resources,4,Female,86,4,4,Human Resources,1,Single,7774,2752,0,No,13,3,2,0,8,0,3,18,7,4,8
23,No,Travel_Rarely,791,Research & Development,16,3,Technical Degree,1,Male,84,1,1,Manager,2,Married,19867,25473,3,No,17,3,4,2,4,5,4,35,13,12,8
49,No,Travel_Rarely,1273,Sales,15,3,Other,4,Male,95,2,2,Manufacturing Director,2,Divorced,11816,16476,5,No,15,3,3,2,33,2,2,6,0,5,11
47,No,Non-Travel,840,Research & Development,21,4,Life Sciences,1,Male,66,3,5,Sales Representative,1,Single,11213,14216,6,No,20,3,2,1,18,2,1,8,9,4,14
52,No,Travel_Frequently,1476,Research & Development,15,3,Human Resources,1,Male,97,1,4,Research Director,1,Single,10361,13153,8,No,18,3,4,3,6,5,2,7,6,9,17
57,No,Travel_Frequently,1311,Research & Development,16,5,Other,2,Female,55,4,2,Manager,2,Single,5608,15429,4,Yes,15,3,3,0,38,3,1,24,17,4,7
33,No,Travel_Rarely,516,Research & Development,25,4,Technical Degree,3,Male,90,1,3,Healthcare Representative,2,Married,5322,24254,7,No,13,3,2,3,16,0,3,6,11,2,5
30,Yes,Travel_Frequently,1083,Research & Development,1,1,Technical Degree,3,Female,96,3,5,Manager,4,Single,3227,23771,7,No,19,3,4,3,25,3,2,7,1,13,5
59,No,Non-Travel,530,Research & Development,10,4,Human Resources,3,Male,81,4,5,Healthcare Representative,4,Married,14795,20169,8,Yes,25,3,4,1,26,2,2,23,17,3,2
47,No,Travel_Rarely,142,Research & Development,19,2,Life Sciences,4,Female,47,4,3,Research Director,1,Single,18545,12511,2,No,17,3,2,0,27,6,2,16,6,4,2
36,No,Travel_Rarely,1006,Research & Development,5,4,Technical Degree,2,Female,82,1,5,Sales Executive,2,Single,1065,13352,2,No,15,3,2,0,19,2,1,11,11,10,1
34,No,Travel_Rarely,1113,Research & Development,18,3,Marketing,2,Female,92,3,1,Sales Representative,4,Married,13542,12233,8,No,17,3,3,2,5,4,1,30,13,10,4
36,No,Travel_Rarely,804,Sales,3,3,Other,1,Female,82,4,5,Research Scientist,1,Married,1152,11651,6,No,21,4,4,3,7,2,3,11,9,1,11
45,No,Travel_Rarely,180,Human Resources,4,5,Human Resources,2,Female,56,3,1,Human Resources,4,Divorced,8227,9829,3,No,20,3,4,0,31,1,3,1,8,5,5
43,No,Non-Travel,818,Research & Development,4,5,Medical,1,Male,60,2,5,Sales Executive,4,Single,9568,21608,0,No,19,3,3,2,18,4,4,11,14,1,15
54,No,Travel_Rarely,645,Research & Development,11,5,Medical,2,Female,30,1,4,Manager,4,Married,1624,25522,6,Yes,15,3,4,0,31,3,1,26,9,3,4
43,No,Travel_Rarely,575,Sales,9,1,Life Sciences,1,Female,35,3,4,Human Resources,3,Single,9071,23011,9,Yes,17,3,4,3,18,2,3,6,18,11,5
40,No,Travel_Rarely,1267,Research & Development,1,5,Marketing,4,Male,40,2,2,Sales Executive,1,Married,12529,24025,5,Yes,21,3,4,2,23,5,2,12,18,15,3
26,No,Travel_Rarely,1376,Sales,28,1,Technical Degree,2,Male,63,2,4,Manufacturing Director,4,Divorced,6986,19445,2,Yes,19,4,1,0,23,1,2,35,11,0,13
29,No,Travel_Rarely,395,Sales,25,5,Medical,3,Female,92,3,3,Manufacturing Director,1,Divorced,12428,19882,4,Yes,11,3,2,1,16,4,2,0,11,3,2
18,No,Travel_Rarely,711,Research & Development,16,1,Life Sciences,1,Female,82,3,2,Human Resources,1,Single,10789,12041,2,No,14,3,1,0,17,1,3,34,8,13,16
18,No,Travel_Rarely,237,Research & Development,9,4,Other,2,Male,47,1,4,Healthcare Representative,2,Married,11690,17638,7,No,11,3,1,3,11,4,2,29,3,6,4
51,No,Travel_Rarely,585,Research & Development,11,4,Marketing,2,Male,50,1,1,Healthcare Representative,1,Married,7993,22108,4,No,18,3,2,1,40,4,2,30,0,14,5
49,Yes,Travel_Rarely,1437,Human Resources,6,3,Marketing,1,Female,48,4,5,Manager,4,Single,5980,16889,9,Yes,13,3,1,0,22,4,1,16,15,13,3
42,No,Non-Travel,915,Research & Development,27,1,Life Sciences,2,Male,33,1,4,Sales Executive,1,Single,1953,21446,9,No,12,3,3,0,17,5,1,7,0,15,12
57,No,Travel_Rarely,656,Research & Development,17,2,Life Sciences,3,Female,58,3,1,Sales Executive,2,Divorced,10123,25747,5,No,24,4,1,2,15,3,3,2,12,7,7
18,No,Travel_Rarely,147,Sales,27,3,Technical Degree,1,Female,54,4,2,Human Resources,3,Divorced,8087,3673,1,No,14,3,3,3,15,4,1,9,2,1,10
33,No,Travel_Rarely,1361,Research & Development,29,4,Life Sciences,1,Female,85,2,5,Laboratory Technician,3,Divorced,19139,13081,7,No,21,3,2,0,35,4,4,33,11,2,4
56,No,Non-Travel,1173,Research & Development,12,1,Technical Degree,1,Male,92,2,4,Manufacturing Director,2,Divorced,13321,8086,8,No,13,4,4,0,22,1,3,21,8,0,4
22,No,Travel_Rarely,299,Human Resources,22,5,Technical Degree,1,Female,56,3,2,Sales Executive,4,Married,6792,2144,2,Yes,21,3,2,0,21,4,4,3,3,14,2
39,No,Non-Travel,185,Research & Development,8,2,Human Resources,1,Female,89,4,4,Human Resources,4,Married,10760,8546,5,No,15,3,2,3,38,3,4,31,1,15,1
46,No,Non-Travel,644,Research & Development,16,4,Marketing,3,Female,78,4,2,Research Director,4,Single,7916,7247,5,No,25,3,1,1,32,6,3,28,8,6,2
20,No,Travel_Rarely,1286,Sales,5,3,Other,1,Male,94,1,4,Research Scientist,1,Single,18482,17434,1,No,23,4,2,3,23,5,1,10,12,3,14
29,No,Non-Travel,172,Research & Development,21,1,Marketing,3,Male,67,2,1,Research Director,3,Married,3966,15994,9,No,18,3,2,2,19,5,1,12,13,10,6
43,No,Travel_Rarely,621,Research & Development,1,2,Marketing,3,Female,81,2,3,Sales Representative,4,Divorced,7056,24501,7,No,20,3,3,2,32,1,3,3,2,9,2
33,No,Travel_Frequently,999,Sales,17,1,Human Resources,3,Male,30,1,1,Manager,3,Divorced,7258,17064,4,Yes,18,3,4,3,30,6,4,1,17,7,14
54,No,Non-Travel,1014,Sales,24,5,Technical Degree,1,Male,69,2,5,Sales Executive,2,Divorced,17356,22778,7,No,21,3,1,0,39,4,3,33,8,4,10
39,No,Travel_Rarely,1177,Research & Development,29,3,Technical Degree,3,Male,50,1,4,Sales Representative,3,Divorced,4768,4881,7,Yes,17,3,4,0,7,1,3,21,14,8,15
46,Yes,Travel_Rarely,1170,Sales,21,1,Life Sciences,1,Female,44,2,3,Sales Representative,4,Divorced,5272,15475,2,Yes,18,4,4,1,9,5,2,4,9,5,12
31,No,Travel_Rarely,394,Human Resources,8,4,Human Resources,3,Male,79,2,3,Human Resources,3,Single,11290,17683,4,Yes,23,3,4,3,0,3,2,8,16,10,1
45,No,Travel_Rarely,1039,Research & Development,10,3,Life Sciences,1,Male,77,2,5,Sales Executive,2,Married,2911,17933,6,No,23,3,1,3,20,1,4,19,12,9,11
22,No,Travel_Rarely,913,Sales,18,4,Human Resources,2,Male,61,1,5,Research Scientist,3,Married,3576,4249,4,No,15,3,2,0,24,3,1,20,0,1,6
47,No,Non-Travel,968,Research & Development,15,1,Life Sciences,2,Female,78,2,3,Human Resources,1,Single,11199,9113,5,No,20,4,4,2,31,6,2,16,10,0,0
22,No,Travel_Rarely,481,Research & Development,20,3,Medical,3,Male,97,2,5,Human Resources,2,Divorced,9084,23838,1,No,20,3,1,2,9,6,2,11,4,0,13
29,No,Travel_Rarely,1108,Research & Development,13,4,Marketing,4,Male,74,4,5,Manager,1,Divorced,4003,22708,7,No,21,4,2,1,8,2,4,27,8,15,9
33,Yes,Travel_Rarely,363,Sales,27,5,Marketing,4,Male,61,2,4,Manager,1,Single,6238,9701,4,No,22,4,4,1,19,4,3,17,6,11,2
43,No,Travel_Rarely,681,Sales,10,5,Other,2,Female,33,3,1,Manufacturing Director,4,Single,3019,13022,5,No,21,4,3,2,19,3,2,2,6,11,10
43,No,Travel_Rarely,1304,Research & Development,9,1,Technical Degree,3,Male,94,2,2,Manufacturing Director,4,Married,8386,17751,0,No,23,4,1,3,39,4,1,4,1,13,14
38,No,Non-Travel,458,Research & Development,13,3,Other,3,Male,94,2,3,Healthcare Representative,2,Married,14045,10692,9,Yes,16,4,4,1,6,6,4,13,18,13,5
56,No,Non-Travel,799,Research & Development,3,2,Medical,3,Male,47,4,2,Laboratory Technician,4,Divorced,18223,13665,1,No,18,3,1,0,10,3,2,25,17,15,17
53,No,Travel_Rarely,1326,Research & Development,22,3,Other,4,Female,83,4,3,Sales Executive,3,Single,1057,22675,3,No,25,3,3,3,20,0,4,18,9,8,12
50,Yes,Travel_Rarely,1138,Research & Development,27,5,Marketing,2,Female,76,1,3,Sales Executive,2,Single,5219,18300,8,Yes,23,3,1,0,37,6,2,40,4,0,14
47,No,Non-Travel,544,Sales,23,4,Technical Degree,3,Female,35,1,1,Sales Representative,4,Single,18571,13981,5,No,11,3,2,1,18,0,2,16,15,2,2
54,No,Travel_Rarely,827,Research & Development,3,2,Medical,2,Female,95,3,3,Sales Executive,4,Single,15847,17122,7,No,16,3,4,2,14,0,4,38,4,11,14
40,No,Travel_Rarely,387,Human Resources,1,1,Marketing,2,Male,38,4,3,Sales Executive,3,Single,17047,18069,1,No,16,3,1,1,5,6,1,3,14,1,0
27,Yes,Travel_Rarely,1383,Research & Development,2,2,Life Sciences,1,Female,97,1,1,Laboratory Technician,1,Divorced,8887,15933,9,No,25,3,1,2,9,3,1,34,15,14,9
22,No,Travel_Rarely,671,Research & Development,11,1,Human Resources,4,Male,52,1,5,Manufacturing Director,3,Married,17463,16013,4,No,21,4,4,3,15,5,3,23,3,14,17
53,No,Non-Travel,941,Sales,14,2,Medical,2,Male,72,1,2,Manufacturing Director,1,Married,16356,7506,0,No,23,3,3,1,10,5,2,40,13,14,7
51,No,Travel_Frequently,599,Sales,10,1,Technical Degree,1,Male,80,4,3,Research Scientist,4,Single,8888,6593,3,No,15,3,3,1,34,4,3,12,16,15,11
48,Yes,Non-Travel,806,Research & Development,7,1,Other,4,Male,54,4,1,Sales Executive,1,Single,19170,7003,9,No,14,3,4,1,7,0,4,32,16,11,4
27,No,Travel_Rarely,1458,Research & Development,23,2,Other,3,Female,64,3,3,Laboratory Technician,1,Divorced,14263,25647,0,Yes,11,3,4,3,27,4,3,14,15,3,0
36,No,Travel_Rarely,663,Research & Development,28,2,Medical,3,Male,46,4,1,Manufacturing Director,4,Married,8389,17572,8,No,21,3,2,0,2,3,4,14,8,0,7
49,No,Travel_Rarely,133,Research & Development,1,1,Technical Degree,1,Female,47,4,2,Laboratory Technician,2,Married,3237,13188,1,No,20,4,1,0,1,4,1,30,1,14,4
18,No,Travel_Frequently,144,Research & Development,26,5,Medical,3,Male,56,4,4,Research Director,3,Married,10823,21740,6,No,21,3,1,2,13,4,4,27,10,0,16
22,No,Travel_Rarely,1476,Sales,7,2,Technical Degree,1,Male,44,3,5,Sales Executive,4,Single,9897,21467,2,No,18,3,3,1,28,0,4,9,14,3,14
21,No,Travel_Rarely,1459,Research & Development,15,3,Other,1,Female,98,2,4,Research Scientist,3,Married,7400,9748,1,No,16,3,2,0,2,6,3,6,2,12,3
33,Yes,Travel_Frequently,660,Sales,26,4,Marketing,3,Female,44,2,1,Sales Representative,3,Married,10438,18076,3,Yes,13,3,1,3,0,5,2,32,15,12,12
41,Yes,Travel_Rarely,371,Sales,11,1,Life Sciences,4,Female,71,1,3,Manufacturing Director,1,Divorced,19799,20702,6,No,22,3,2,1,14,1,3,6,18,13,16
33,No,Non-Travel,1044,Research & Development,6,1,Marketing,1,Male,63,2,5,Research Director,4,Single,1646,23854,6,No,13,3,4,2,19,2,1,4,5,3,12
19,Yes,Travel_Rarely,1144,Research & Development,27,4,Life Sciences,4,Male,77,2,2,Laboratory Technician,2,Married,18342,5014,8,No,22,4,1,0,21,3,1,25,13,6,1
45,No,Travel_Rarely,1472,Research & Development,22,5,Other,4,Female,37,3,5,Manager,3,Single,11105,26179,2,Yes,16,3,4,3,33,3,1,15,4,7,3
49,No,Travel_Rarely,138,Sales,7,4,Marketing,1,Female,39,3,3,Human Resources,3,Married,4596,25019,6,No,22,3,3,3,32,3,2,7,4,12,1
44,Yes,Travel_Rarely,193,Sales,7,2,Marketing,4,Male,34,2,4,Sales Executive,2,Divorced,2120,7709,5,Yes,25,4,3,2,8,2,3,21,5,7,11
37,No,Travel_Frequently,286,Sales,1,4,Medical,1,Female,77,2,1,Sales Executive,3,Married,9376,6409,9,No,17,4,4,0,2,1,4,33,17,7,17
41,No,Non-Travel,829,Sales,10,1,Human Resources,3,Female,55,2,4,Research Director,4,Married,1731,24578,6,No,18,3,3,1,1,5,4,39,17,13,9
29,Yes,Travel_Rarely,1153,Research & Development,21,4,Other,3,Female,52,1,5,Laboratory Technician,2,Divorced,5875,14554,6,No,15,3,4,3,3,4,2,27,18,13,4
52,No,Travel_Rarely,473,Sales,15,3,Technical Degree,3,Female,91,3,3,Healthcare Representative,4,Married,11148,4877,9,No,20,3,4,2,15,5,1,35,1,11,10
50,No,Non-Travel,933,Research & Development,8,2,Other,3,Female,42,2,1,Sales Executive,2,Single,18095,11699,4,No,16,3,4,3,32,3,2,6,16,13,0
50,No,Travel_Rarely,446,Sales,24,4,Technical Degree,3,Male,38,4,3,Healthcare Representative,3,Single,3137,14883,8,Yes,22,3,3,3,8,4,4,39,0,8,2
60,Yes,Travel_Frequently,1321,Sales,19,1,Technical Degree,4,Male,49,2,3,Manager,2,Married,10127,13934,6,Yes,11,3,3,0,39,0,1,27,8,0,16
54,No,Travel_Rarely,179,Sales,3,2,Life Sciences,4,Female,86,4,5,Research Director,4,Married,3526,21286,6,Yes,16,3,3,0,37,5,2,1,12,8,14
29,No,Travel_Rarely,268,Research & Development,23,1,Technical Degree,4,Male,53,1,4,Laboratory Technician,2,Single,18542,5425,2,No,19,3,4,1,17,0,4,8,3,9,13
20,No,Travel_Rarely,1215,Research & Development,15,5,Technical Degree,2,Male,62,4,3,Laboratory Technician,3,Married,15237,20656,0,No,20,3,2,3,15,0,4,5,4,7,14
18,No,Travel_Rarely,365,Research & Development,4,3,Medical,2,Male,49,3,3,Human Resources,1,Divorced,15188,19275,4,No,14,4,3,2,7,6,2,0,17,0,15
50,No,Non-Travel,1333,Research & Development,6,5,Marketing,1,Male,89,1,3,Manufacturing Director,3,Single,19271,4940,7,No,24,3,2,3,22,5,4,2,9,6,3
57,No,Travel_Rarely,825,Research & Development,25,3,Other,2,Female,77,1,1,Manufacturing Director,3,Married,10684,3023,4,Yes,24,3,3,2,35,3,3,9,3,8,7
27,No,Travel_Rarely,1396,Sales,10,4,Other,3,Female,93,2,3,Sales Representative,1,Single,1318,6912,9,No,20,3,1,3,2,2,3,36,12,3,5
60,No,Travel_Rarely,1388,Sales,18,2,Technical Degree,3,Male,59,1,3,Research Scientist,2,Divorced,4961,21569,2,No,23,3,1,2,14,3,1,22,12,12,15
46,No,Travel_Rarely,613,Research & Development,16,4,Human Resources,3,Male,46,1,5,Research Director,3,Single,14880,4356,8,No,11,3,1,3,37,0,3,32,16,14,2
30,No,Travel_Rarely,677,Research & Development,18,3,Other,1,Female,43,4,3,Manager,1,Married,10701,14869,1,No,24,3,2,3,32,0,3,8,7,12,7
29,No,Travel_Frequently,823,Sales,6,3,Technical Degree,1,Female,48,2,3,Laboratory Technician,4,Single,1024,9643,2,No,21,3,3,1,17,3,2,12,3,8,4
48,No,Travel_Frequently,1437,Human Resources,19,3,Life Sciences,1,Female,88,3,5,Human Resources,1,Married,17998,21958,3,No,19,3,4,0,22,2,1,27,2,15,4
19,No,Travel_Rarely,1299,Research & Development,17,1,Life Sciences,1,Male,96,2,1,Healthcare Representative,3,Divorced,17014,21820,9,Yes,14,3,2,0,2,2,2,6,10,0,11
52,Yes,Travel_Frequently,532,Sales,18,2,Life Sciences,4,Male,73,3,4,Research Director,4,Married,15287,24531,0,No,12,3,3,2,29,6,2,25,11,8,0
40,No,Travel_Rarely,869,Research & Development,13,4,Technical Degree,1,Male,61,4,5,Sales Representative,3,Married,15826,26052,3,No,11,3,1,3,16,4,3,15,8,5,6
34,No,Non-Travel,564,Research & Development,7,4,Medical,1,Female,40,1,1,Research Director,1,Married,10768,26337,3,No,13,3,2,3,31,1,3,39,14,3,10
43,No,Travel_Rarely,202,Research & Development,20,5,Human Resources,2,Female,31,1,4,Sales Representative,4,Single,16673,11503,8,No,17,3,3,0,6,0,4,25,12,11,9
25,No,Non-Travel,1141,Research & Development,12,3,Technical Degree,4,Female,97,2,3,Laboratory Technician,3,Divorced,7421,11750,7,No,21,3,4,2,38,2,4,38,4,15,2
46,No,Travel_Rarely,1383,Sales,2,3,Medical,3,Male,46,2,5,Research Scientist,1,Single,11205,6268,1,No,20,3,2,1,13,5,1,31,4,11,7
43,No,Travel_Rarely,345,Research & Development,27,3,Medical,2,Female,69,2,3,Sales Representative,4,Married,9516,25625,6,No,12,3,4,1,14,6,3,35,18,4,0
27,No,Travel_Rarely,1473,Research & Development,12,4,Other,1,Female,75,1,5,Laboratory Technician,3,Single,5829,6864,5,No,25,3,2,1,11,0,4,0,10,14,7
43,No,Non-Travel,1374,Research & Development,12,5,Technical Degree,3,Male,33,1,4,Laboratory Technician,1,Single,8844,7927,6,Yes,19,3,1,3,7,1,2,20,8,6,10
51,No,Travel_Rarely,206,Research & Development,24,1,Technical Degree,3,Male,67,4,1,Research Scientist,3,Married,2858,26683,3,Yes,22,3,1,2,15,5,3,12,2,9,6
58,No,Non-Travel,795,Sales,4,2,Medical,3,Male,92,3,5,Manufacturing Director,3,Married,14596,25480,4,No,23,3,1,0,40,0,1,25,17,12,15
24,No,Travel_Frequently,1412,Research & Development,4,1,Medical,2,Male,58,2,1,Research Director,3,Married,2962,20771,5,No,21,4,4,3,33,6,1,8,12,3,6
21,No,Travel_Rarely,1294,Sales,18,4,Medical,4,Male,48,1,3,Sales Executive,2,Married,13740,4139,8,No,12,3,1,3,23,6,2,36,11,7,12
28,Yes,Non-Travel,1172,Research & Development,16,3,Other,4,Male,58,3,3,Sales Executive,3,Single,7849,3131,1,No,15,3,4,1,28,2,4,22,8,2,9
46,No,Non-Travel,1168,Research & Development,14,2,Technical Degree,3,Male,64,2,4,Healthcare Representative,4,Single,6075,8336,8,No,18,4,4,2,15,4,2,0,9,1,16
53,Yes,Travel_Rarely,1446,Sales,17,4,Medical,1,Male,99,2,4,Healthcare Representative,1,Married,3424,11745,9,No,23,3,4,2,4,3,4,1,12,0,2
42,No,Travel_Rarely,919,Research & Development,17,4,Life Sciences,4,Male,52,3,2,Sales Executive,1,Divorced,3398,26926,0,Yes,23,3,1,1,4,6,3,27,12,13,6
38,No,Travel_Rarely,322,Sales,3,4,Technical Degree,4,Female,75,3,2,Manager,2,Single,17220,14415,3,No,22,3,3,1,29,5,1,35,8,12,10
53,No,Travel_Rarely,245,Sales,6,2,Other,1,Male,73,3,4,Sales Executive,2,Married,1772,8256,4,No,20,3,4,1,4,3,4,30,9,5,12
27,No,Travel_Rarely,991,Research & Development,23,2,Life Sciences,2,Female,77,1,3,Healthcare Representative,2,Married,18208,6167,8,Yes,18,3,3,3,12,2,2,40,18,1,4
54,No,Non-Travel,1153,Research & Development,13,5,Marketing,2,Male,81,4,1,Human Resources,3,Divorced,7264,19761,5,No,13,3,4,3,34,2,3,4,5,7,14
26,No,Travel_Rarely,891,Human Resources,9,5,Technical Degree,1,Female,37,2,4,Healthcare Representative,3,Divorced,18270,18129,3,Yes,12,3,1,3,24,5,4,36,6,14,0
41,No,Travel_Frequently,654,Research & Development,21,1,Marketing,2,Male,84,2,1,Manager,4,Divorced,8182,8826,1,No,19,3,1,0,13,1,3,24,14,15,4
52,Yes,Travel_Rarely,945,Sales,9,2,Medical,3,Female,95,3,2,Research Director,1,Married,11527,24423,4,Yes,13,3,1,0,25,6,3,7,18,10,12
52,No,Non-Travel,760,Research & Development,8,2,Other,4,Male,69,1,1,Sales Executive,1,Single,11261,5581,7,No,18,3,2,2,17,5,2,33,13,9,9
53,No,Travel_Frequently,938,Sales,17,2,Medical,2,Female,60,3,4,Research Scientist,3,Divorced,13456,4278,7,No,12,3,1,1,19,0,2,38,15,12,4
35,No,Non-Travel,1120,Human Resources,16,5,Other,3,Male,77,1,3,Human Resources,1,Married,16098,15984,5,No,13,3,3,1,33,1,3,31,13,3,0
56,No,Travel_Rarely,1292,Research & Development,16,4,Human Resources,3,Female,90,4,4,Laboratory Technician,3,Single,10404,21665,0,No,11,3,4,3,6,3,3,10,1,8,9
49,Yes,Travel_Rarely,852,Research & Development,27,3,Medical,3,Male,81,2,5,Manager,2,Married,13076,11511,7,No,24,3,3,0,9,0,4,24,8,3,17
41,No,Travel_Rarely,350,Sales,28,5,Marketing,3,Male,67,2,5,Healthcare Representative,3,Divorced,6296,7589,3,No,21,3,2,1,14,1,2,2,2,3,7
40,No,Non-Travel,876,Research & Development,19,2,Other,3,Male,65,1,5,Research Scientist,4,Divorced,14470,20775,1,Yes,16,3,3,2,16,3,4,31,5,15,2
49,No,Non-Travel,865,Research & Development,24,5,Medical,1,Female,84,4,3,Sales Representative,3,Single,14411,16875,0,Yes,23,4,4,1,10,0,1,34,4,12,1
54,No,Travel_Rarely,1482,Research & Development,16,1,Technical Degree,4,Female,42,4,4,Manufacturing Director,3,Married,8442,9191,6,No,17,3,4,3,33,4,4,31,13,11,16
29,No,Travel_Rarely,1236,Sales,25,2,Other,4,Female,66,2,5,Sales Executive,1,Divorced,12293,10563,1,No,14,3,1,3,26,6,3,33,14,7,15
30,No,Travel_Rarely,793,Sales,14,1,Other,1,Male,76,2,4,Manufacturing Director,3,Single,5835,14493,3,No,11,3,2,0,20,5,1,36,17,11,9
40,No,Non-Travel,921,Human Resources,20,2,Medical,1,Male,51,3,2,Manager,4,Married,4673,18296,3,Yes,13,3,2,2,30,5,4,4,16,12,15
42,No,Travel_Rarely,820,Research & Development,14,5,Human Resources,3,Female,68,1,5,Sales Representative,3,Married,11537,22022,9,No,19,3,3,2,3,5,1,27,8,7,4
52,No,Travel_Rarely,335,Research & Development,14,4,Medical,2,Male,87,2,5,Sales Representative,3,Married,1506,13079,0,No,15,3,1,1,40,4,2,27,18,4,2
58,No,Travel_Rarely,125,Sales,14,3,Marketing,4,Female,59,4,3,Sales Representative,2,Single,8650,8925,1,No,16,4,1,2,16,6,4,7,8,2,2
47,No,Travel_Rarely,1151,Human Resources,12,1,Marketing,2,Female,47,4,4,Laboratory Technician,3,Married,5652,18869,0,Yes,14,3,1,1,19,1,4,26,15,11,1
34,No,Travel_Rarely,1107,Sales,6,5,Other,4,Female,47,2,3,Manager,3,Divorced,6065,3062,5,No,11,4,4,1,24,6,2,15,5,1,3
37,No,Travel_Rarely,1471,Research & Development,20,4,Other,3,Male,68,4,3,Research Director,3,Married,1140,12476,2,No,24,3,2,0,39,2,4,17,7,14,17
42,No,Travel_Rarely,623,Research & Development,13,5,Medical,2,Male,55,1,4,Manufacturing Director,4,Married,6452,7245,0,No,15,3,3,2,22,0,1,24,2,8,1
39,Yes,Travel_Rarely,118,Sales,16,1,Marketing,4,Male,36,4,2,Research Director,1,Married,18250,12912,7,Yes,15,3,3,3,14,1,2,0,4,13,5
30,No,Travel_Rarely,346,Research & Development,9,3,Marketing,4,Female,98,4,4,Research Scientist,2,Single,14452,22842,3,No,15,4,3,1,32,2,1,7,6,8,2
36,Yes,Travel_Rarely,819,Sales,2,5,Human Resources,3,Male,94,2,2,Human Resources,2,Married,9721,21785,9,No,25,3,1,1,18,5,4,20,0,4,2
53,No,Travel_Rarely,871,Sales,22,2,Technical Degree,2,Male,75,1,3,Human Resources,3,Married,9230,12886,6,No,16,3,2,1,14,5,4,33,3,15,1
29,No,Travel_Rarely,818,Research & Development,27,4,Human Resources,3,Male,47,1,2,Research Director,3,Divorced,16669,8219,9,No,21,4,2,2,40,5,4,23,15,13,2
58,Yes,Travel_Rarely,1327,Research & Development,29,5,Life Sciences,2,Male,42,3,2,Sales Executive,1,Single,7156,6464,1,No,12,3,4,2,4,2,4,36,13,12,16
36,No,Non-Travel,1373,Research & Development,3,4,Human Resources,2,Female,54,1,2,Research Scientist,3,Married,12597,6932,5,No,11,3,4,2,15,0,1,25,0,14,13
29,No,Non-Travel,219,Research & Development,10,2,Medical,4,Female,37,3,5,Manager,4,Married,5613,18269,5,No,25,3,4,1,31,0,4,13,3,7,6
26,No,Travel_Rarely,110,Sales,20,3,Technical Degree,1,Male,61,2,5,Healthcare Representative,1,Divorced,10461,26755,6,No,12,3,3,3,21,2,2,28,9,6,5
24,No,Non-Travel,699,Sales,2,3,Medical,2,Male,46,4,3,Human Resources,3,Single,18951,5228,0,No,23,4,3,3,31,3,2,29,10,2,7
45,No,Travel_Rarely,124,Sales,27,2,Life Sciences,2,Female,77,1,4,Healthcare Representative,1,Single,17408,14785,0,No,20,3,2,2,12,5,3,2,6,11,11
31,No,Travel_Frequently,341,Sales,24,4,Technical Degree,3,Male,92,3,2,Research Scientist,2,Single,4614,12525,1,No,16,3,4,3,37,1,2,6,3,4,4
48,No,Travel_Rarely,128,Sales,10,5,Other,2,Female,69,1,5,Manufacturing Director,3,Divorced,14293,13650,1,No,15,3,3,1,25,0,3,35,0,14,4
36,No,Non-Travel,1085,Research & Development,8,2,Marketing,2,Female,44,2,4,Human Resources,1,Single,2616,3148,4,No,25,3,4,2,16,6,2,10,0,12,13
33,Yes,Travel_Rarely,1206,Sales,17,1,Human Resources,2,Male,35,3,2,Sales Executive,1,Single,12718,22207,0,Yes,15,3,4,2,4,2,2,31,16,8,16
22,No,Travel_Rarely,300,Sales,26,4,Medical,2,Male,92,3,4,Sales Executive,3,Single,3025,4763,1,No,22,3,2,1,32,3,4,11,9,3,15
52,Yes,Travel_Rarely,876,Research & Development,22,3,Life Sciences,2,Female,37,3,1,Sales Representative,1,Married,4583,18753,5,No,22,3,2,2,26,4,2,14,4,2,3
29,No,Travel_Rarely,193,Research & Development,1,2,Marketing,1,Male,61,2,2,Laboratory Technician,3,Single,14550,18175,2,No,25,3,3,1,4,2,4,37,6,6,7
42,No,Travel_Rarely,952,Sales,6,3,Human Resources,4,Male,74,3,4,Research Scientist,3,Married,8283,15032,3,No,16,3,2,2,36,6,4,23,7,7,2
38,No,Travel_Rarely,1209,Human Resources,7,4,Marketing,2,Male,81,4,2,Human Resources,4,Single,10944,7811,0,No,24,3,4,3,6,3,2,0,1,4,4
53,No,Travel_Rarely,401,Research & Development,15,3,Human Resources,3,Male,42,2,2,Laboratory Technician,4,Married,16757,14376,4,No,20,3,2,2,17,4,1,17,8,12,6
40,No,Travel_Rarely,397,Sales,18,2,Other,3,Female,53,4,1,Research Scientist,1,Married,7415,16985,3,Yes,17,3,4,2,30,3,4,6,3,7,17
33,Yes,Travel_Rarely,748,Research & Development,9,4,Technical Degree,2,Female,69,4,4,Research Director,1,Married,12835,11391,7,No,19,3,4,2,5,0,2,40,11,4,7
56,No,Travel_Rarely,1406,Research & Development,8,1,Marketing,2,Female,43,2,3,Manager,1,Divorced,18481,16295,2,Yes,17,4,3,0,1,2,1,1,10,8,10
59,No,Non-Travel,1102,Research & Development,25,2,Marketing,2,Male,99,1,5,Manager,2,Divorced,2370,18383,9,No,12,3,3,3,12,6,2,39,4,6,13
56,No,Travel_Rarely,1184,Research & Development,10,5,Marketing,1,Male,91,4,2,Sales Representative,3,Married,5482,26500,0,Yes,16,3,3,1,10,4,2,30,11,4,17
31,No,Travel_Rarely,1010,Research & Development,29,2,Technical Degree,4,Female,90,2,2,Sales Representative,3,Married,8328,26478,9,Yes,19,3,4,0,25,3,1,32,3,12,12
48,Yes,Travel_Rarely,972,Research & Development,4,4,Life Sciences,3,Male,30,4,2,Manager,2,Married,9676,14967,4,Yes,17,3,2,3,20,4,2,29,12,8,5
22,No,Travel_Rarely,1467,Research & Development,20,2,Human Resources,1,Female,95,3,2,Manufacturing Director,2,Divorced,10490,18606,0,No,12,3,3,2,1,1,4,30,0,4,12
52,No,Travel_Rarely,854,Research & Development,28,1,Other,1,Male,61,4,5,Human Resources,1,Married,9529,25555,4,Yes,13,3,3,2,39,6,3,33,17,7,0
40,Yes,Travel_Rarely,443,Research & Development,8,1,Marketing,2,Female,42,4,3,Manager,3,Married,18579,22804,8,Yes,18,3,2,1,19,2,3,6,3,11,10
46,No,Travel_Rarely,163,Research & Development,1,5,Technical Degree,4,Male,62,4,1,Manufacturing Director,4,Married,4545,22046,4,No,21,3,2,1,16,0,2,24,3,3,6
60,No,Travel_Rarely,877,Research & Development,8,3,Life Sciences,2,Male,61,3,3,Laboratory Technician,4,Divorced,2782,15542,1,No,19,3,3,3,15,4,3,15,7,8,9
28,No,Travel_Rarely,726,Sales,23,4,Human Resources,3,Male,85,4,5,Manufacturing Director,2,Single,11264,17292,1,No,14,3,4,3,4,5,3,21,5,11,1
35,Yes,Travel_Rarely,357,Sales,12,4,Technical Degree,4,Male,53,2,4,Laboratory Technician,2,Single,3567,9716,9,No,19,3,4,1,13,3,3,35,3,5,15
29,No,Travel_Rarely,929,Research & Development,23,3,Other,2,Male,33,4,1,Research Scientist,3,Married,6088,10174,8,No,12,3,3,3,23,5,4,26,3,5,4
26,No,Travel_Rarely,1115,Sales,25,1,Other,3,Female,52,2,1,Healthcare Representative,3,Single,15350,4496,4,No,23,3,2,1,3,4,4,16,10,13,15
27,No,Non-Travel,1472,Sales,15,1,Human Resources,1,Female,58,4,4,Research Scientist,4,Married,10990,20125,7,No,21,3,4,2,23,6,3,3,8,2,15
34,No,Travel_Rarely,1429,Sales,13,2,Marketing,3,Female,50,4,2,Manager,3,Single,4533,5650,9,No,15,3,2,1,8,5,1,34,13,12,14
55,No,Non-Travel,716,Sales,16,5,Other,3,Female,59,4,5,Laboratory Technician,1,Married,10007,4287,3,No,21,3,1,0,2,3,1,40,3,2,8
24,No,Travel_Rarely,346,Human Resources,26,5,Life Sciences,3,Male,49,1,4,Manager,2,Divorced,14706,12333,1,Yes,12,3,2,1,8,4,1,21,12,3,0
30,No,Travel_Rarely,858,Research & Development,23,5,Technical Degree,4,Male,45,1,3,Human Resources,4,Married,14615,21582,3,No,21,3,2,1,17,0,4,34,5,0,8
57,No,Non-Travel,925,Human Resources,18,2,Life Sciences,1,Male,96,3,3,Sales Executive,4,Married,14438,22833,3,No,11,3,1,0,35,0,4,14,12,5,10
59,Yes,Travel_Rarely,881,Research & Development,1,5,Marketing,4,Female,78,2,4,Manager,1,Single,17048,20612,8,Yes,23,4,4,0,18,2,4,39,2,0,4
26,No,Travel_Frequently,833,Research & Development,17,3,Life Sciences,1,Male,87,3,5,Human Resources,3,Single,8149,22381,9,Yes,24,3,4,0,23,0,4,20,6,10,5
44,No,Travel_Frequently,979,Sales,16,2,Life Sciences,2,Female,73,2,1,Manufacturing Director,3,Divorced,9794,22091,5,Yes,15,3,4,0,3,4,3,12,0,15,7
19,No,Travel_Rarely,1342,Research & Development,23,3,Medical,2,Male,54,3,1,Research Scientist,2,Married,15910,10677,9,No,12,4,3,1,8,6,4,10,10,3,14
22,No,Travel_Rarely,617,Sales,5,2,Life Sciences,3,Female,52,3,2,Manufacturing Director,1,Married,4289,20757,5,No,24,3,1,3,32,4,3,26,1,14,15
46,No,Travel_Frequently,575,Research & Development,20,5,Human Resources,3,Female,88,4,5,Sales Executive,4,Divorced,3221,14969,4,No,23,3,2,0,0,0,1,30,4,12,17
54,Yes,Non-Travel,137,Research & Development,21,3,Technical Degree,4,Male,30,4,3,Laboratory Technician,1,Divorced,16222,12780,5,No,17,3,1,2,34,1,3,31,13,6,11
55,Yes,Travel_Rarely,1303,Sales,10,3,Medical,1,Male,44,4,3,Human Resources,4,Divorced,9087,19630,0,Yes,18,4,1,1,9,4,1,29,12,11,3
36,No,Travel_Frequently,1142,Human Resources,26,3,Technical Degree,1,Female,81,4,2,Healthcare Representative,1,Married,16945,3388,4,No,12,3,1,3,11,2,4,17,15,5,15
25,No,Travel_Rarely,931,Research & Development,6,2,Technical Degree,1,Male,87,4,3,Manager,3,Single,18006,17542,5,Yes,17,3,1,2,17,1,1,15,14,7,10
18,No,Travel_Frequently,1173,Research & Development,12,4,Marketing,3,Male,70,3,2,Laboratory Technician,4,Married,15283,23767,7,No,14,3,1,1,13,0,1,34,2,3,6
39,No,Travel_Rarely,1187,Sales,10,5,Marketing,3,Female,73,2,2,Healthcare Representative,2,Married,1877,12461,3,No,11,3,1,1,9,6,3,8,5,8,14
34,No,Non-Travel,1194,Research & Development,22,3,Medical,1,Male,33,1,4,Research Director,1,Single,18204,21723,4,No,21,3,3,2,9,3,1,38,8,9,16
24,No,Travel_Rarely,467,Research & Development,17,4,Other,3,Female,97,1,1,Manager,3,Divorced,17051,24546,3,No,25,3,1,0,17,4,2,36,2,7,14
42,No,Travel_Rarely,1287,Sales,2,5,Marketing,1,Female,36,2,5,Manufacturing Director,4,Single,16416,15431,6,No,13,3,1,0,23,3,1,9,12,13,9
21,No,Travel_Rarely,1046,Sales,19,5,Marketing,4,Male,75,1,5,Research Scientist,3,Married,17263,25194,9,No,21,3,4,2,0,5,4,11,12,14,3
53,No,Travel_Rarely,1077,Research & Development,20,3,Marketing,2,Male,38,3,1,Human Resources,1,Married,2753,8748,5,No,22,3,1,3,29,2,1,7,6,4,16
23,No,Travel_Rarely,532,Sales,6,3,Technical Degree,1,Male,62,2,5,Sales Executive,2,Married,3265,21416,3,No,11,3,1,0,14,1,2,2,4,13,3
48,Yes,Travel_Rarely,960,Research & Development,28,2,Medical,3,Female,62,2,3,Sales Executive,2,Single,12868,21104,5,No,15,3,4,1,7,3,3,18,7,5,10
36,No,Non-Travel,331,Human Resources,28,4,Technical Degree,4,Male,33,1,3,Manufacturing Director,1,Divorced,6432,19427,3,No,25,3,4,1,34,2,1,10,7,4,3
56,No,Travel_Rarely,471,Research & Development,27,4,Human Resources,3,Female,94,1,5,Sales Representative,4,Married,6098,14787,7,No,23,4,4,3,17,3,2,7,6,14,11
44,No,Travel_Rarely,279,Sales,13,3,Technical Degree,3,Male,63,3,4,Sales Executive,3,Divorced,7617,11335,2,No,18,3,2,1,40,3,4,25,18,5,9
27,No,Travel_Rarely,669,Research & Development,9,5,Human Resources,3,Male,93,4,5,Human Resources,3,Divorced,10726,6169,7,No,11,3,1,0,15,2,4,22,6,0,13
43,No,Travel_Rarely,1395,Sales,12,3,Life Sciences,1,Male,54,2,2,Manufacturing Director,4,Married,18862,14745,1,Yes,24,3,1,3,20,4,3,9,3,3,17
36,No,Travel_Rarely,1331,Sales,18,5,Life Sciences,4,Male,84,4,2,Laboratory Technician,1,Divorced,18906,11369,5,Yes,19,3,1,0,14,3,4,17,9,8,5
56,No,Non-Travel,894,Research & Development,8,5,Human Resources,1,Male,38,1,1,Sales Executive,3,Single,5885,14932,7,No,13,3,4,3,4,2,2,11,12,3,4
20,Yes,Travel_Frequently,1001,Research & Development,25,3,Human Resources,2,Male,46,2,3,Manufacturing Director,3,Married,18844,3752,0,Yes,15,3,3,2,6,3,1,38,3,1,1
30,No,Travel_Rarely,1076,Research & Development,18,1,Technical Degree,1,Male,50,4,4,Human Resources,1,Single,4016,9026,5,Yes,19,3,1,1,6,6,2,25,18,5,12
45,No,Non-Travel,183,Research & Development,25,4,Human Resources,2,Male,89,3,5,Manager,3,Single,15334,16342,8,Yes,15,3,4,3,26,4,3,10,9,1,13
37,No,Travel_Rarely,947,Sales,23,5,Medical,4,Male,42,3,2,Manager,4,Divorced,4133,26531,9,No,19,3,4,2,24,6,1,9,6,2,2
45,No,Non-Travel,863,Sales,25,5,Life Sciences,4,Female,32,3,3,Sales Executive,4,Single,2762,9053,9,No,20,3,4,0,21,6,2,2,4,6,10
25,No,Non-Travel,1318,Research & Development,22,1,Life Sciences,1,Male,97,2,3,Research Scientist,1,Married,19005,20295,1,No,18,3,2,2,12,2,3,6,2,3,3
58,No,Travel_Rarely,719,Research & Development,2,2,Other,1,Male,33,2,4,Manager,1,Married,4284,10476,0,Yes,17,4,4,0,16,6,3,3,1,0,12
56,No,Non-Travel,1314,Research & Development,8,1,Human Resources,3,Female,36,2,4,Research Scientist,4,Married,9756,18938,1,No,21,3,3,3,40,3,1,39,10,15,7
18,No,Travel_Frequently,1401,Sales,10,1,Marketing,2,Male,55,2,4,Laboratory Technician,1,Married,13452,26449,4,No,11,3,2,3,12,0,1,7,9,8,7
20,No,Travel_Rarely,1199,Research & Development,9,5,Marketing,3,Female,53,2,4,Manufacturing Director,4,Divorced,19442,17093,5,Yes,14,3,4,1,25,4,4,37,12,5,12
30,Yes,Travel_Rarely,1135,Sales,28,4,Human Resources,3,Male,39,4,2,Healthcare Representative,4,Single,1833,24493,0,Yes,19,3,3,1,8,3,4,12,6,8,9
45,No,Non-Travel,317,Sales,24,1,Medical,4,Male,42,4,4,Human Resources,4,Single,14889,8470,6,No,20,3,3,3,4,1,1,11,9,2,12
42,No,Travel_Rarely,391,Research & Development,18,2,Marketing,1,Female,73,3,3,Manufacturing Director,3,Married,12050,20999,3,No,18,3,1,0,38,2,4,34,3,4,12
50,No,Travel_Rarely,546,Sales,8,3,Other,4,Male,68,4,3,Human Resources,1,Married,2090,5570,8,No,14,3,4,0,32,3,1,37,15,8,16
55,No,Travel_Rarely,1024,Sales,19,1,Human Resources,1,Female,48,4,5,Laboratory Technician,3,Married,12526,21183,5,No,22,3,4,3,3,4,4,35,5,5,5
23,No,Non-Travel,653,Research & Development,3,1,Medical,4,Male,80,3,3,Research Director,1,Divorced,17885,6460,8,No,11,3,1,0,27,6,2,1,8,1,1
49,Yes,Travel_Rarely,294,Research & Development,9,2,Medical,4,Female,48,3,3,Sales Executive,2,Married,5773,18300,0,Yes,20,3,3,3,25,4,3,14,12,14,16
38,No,Travel_Rarely,390,Research & Development,13,4,Technical Degree,4,Female,81,1,2,Human Resources,3,Married,9275,14552,3,Yes,14,3,4,1,3,1,1,33,6,0,11
33,Yes,Travel_Frequently,684,Sales,9,1,Medical,2,Male,76,3,3,Human Resources,3,Single,12192,2121,1,No,25,3,1,0,15,6,1,38,17,8,5
38,No,Travel_Frequently,1269,Sales,25,1,Marketing,4,Female,59,4,1,Research Scientist,3,Married,17721,22709,5,No,13,3,1,1,36,1,1,25,13,0,4
28,No,Travel_Rarely,1495,Sales,20,4,Marketing,2,Male,75,2,3,Manufacturing Director,2,Married,13886,13258,3,No,16,3,3,2,21,5,2,4,4,13,4
54,No,Travel_Rarely,958,Sales,12,2,Human Resources,4,Female,50,3,5,Research Director,1,Single,10991,8642,8,No,21,3,3,1,35,5,3,24,12,14,8
53,No,Non-Travel,882,Research & Development,23,1,Human Resources,1,Male,77,1,5,Sales Representative,2,Single,9977,5118,2,No,15,3,4,2,37,3,4,33,7,4,2
52,No,Travel_Rarely,997,Research & Development,13,4,Medical,2,Female,91,4,4,Sales Executive,1,Divorced,15648,3358,0,No,15,3,4,1,34,0,4,3,14,0,4
36,No,Travel_Frequently,1021,Research & Development,8,1,Other,1,Male,87,1,2,Healthcare Representative,1,Married,5683,11141,0,Yes,12,3,2,1,24,6,3,33,18,4,6
37,No,Travel_Rarely,665,Research & Development,15,3,Life Sciences,1,Male,47,1,5,Sales Representative,1,Single,5325,14311,8,Yes,22,3,3,0,7,4,4,26,8,4,11
35,Yes,Non-Travel,114,Research & Development,29,5,Technical Degree,1,Female,88,4,1,Manufacturing Director,1,Married,16323,8681,8,No,13,4,2,1,16,0,1,28,5,6,6
58,Yes,Travel_Rarely,1088,Research & Development,13,3,Life Sciences,2,Female,77,1,1,Sales Executive,1,Single,10704,8671,4,Yes,21,3,2,3,17,6,3,4,13,6,9
31,No,Travel_Frequently,441,Research & Development,21,1,Medical,3,Male,92,4,4,Human Resources,2,Divorced,16823,19729,1,Yes,16,3,1,0,11,6,2,17,9,10,7
32,No,Travel_Rarely,966,Research & Development,13,2,Medical,2,Male,41,1,2,Healthcare Representative,3,Single,9388,14890,8,No,12,3,1,0,32,6,3,3,8,9,16
48,Yes,Non-Travel,413,Research & Development,17,5,Life Sciences,3,Male,63,2,2,Research Scientist,2,Married,2223,5964,7,No,25,3,4,0,22,6,1,0,16,0,4
18,Yes,Travel_Frequently,834,Sales,15,3,Technical Degree,2,Male,90,3,3,Research Director,3,Married,12647,3420,9,Yes,14,3,3,1,11,0,3,19,12,8,14
20,No,Travel_Rarely,1229,Research & Development,25,4,Life Sciences,4,Male,82,2,1,Research Scientist,3,Divorced,11722,24655,9,No,12,3,3,0,10,3,2,5,16,0,8
33,Yes,Travel_Rarely,440,Human Resources,22,2,Human Resources,3,Female,54,2,1,Laboratory Technician,4,Single,16986,11311,5,Yes,19,4,2,2,12,2,2,19,18,4,10
40,No,Travel_Rarely,1323,Sales,19,3,Marketing,4,Male,91,1,1,Sales Executive,3,Married,13080,18839,6,No,13,4,2,2,34,2,3,19,12,15,12
28,No,Travel_Rarely,401,Sales,3,4,Other,3,Female,33,3,1,Research Scientist,2,Married,4145,19696,5,No,20,4,4,1,26,2,3,26,8,6,17
29,No,Travel_Rarely,460,Research & Development,14,1,Human Resources,2,Female,42,3,5,Sales Representative,4,Married,7627,2699,4,No,20,3,1,0,24,1,4,25,0,11,16
27,No,Travel_Rarely,1493,Research & Development,10,4,Marketing,2,Male,71,3,2,Research Scientist,1,Married,6274,24437,3,Yes,16,4,3,3,39,6,4,31,0,7,8
49,Yes,Non-Travel,270,Research & Development,17,3,Other,3,Male,78,1,3,Manager,1,Married,8974,20148,6,No,25,3,3,3,2,6,1,9,4,1,9
33,No,Travel_Rarely,1274,Research & Development,29,3,Other,4,Male,85,2,5,Laboratory Technician,3,Divorced,10606,15097,3,Yes,11,3,3,2,24,4,4,17,7,13,4
25,No,Non-Travel,862,Sales,8,1,Other,1,Male,76,4,2,Manufacturing Director,1,Single,9717,12583,9,No,23,3,3,1,9,1,1,40,17,0,10
55,Yes,Non-Travel,869,Research & Development,18,4,Medical,3,Female,37,4,4,Research Director,1,Single,7578,22921,9,No,21,3,1,1,16,4,1,11,3,3,14
29,No,Travel_Rarely,1083,Sales,12,4,Other,3,Male,84,4,1,Laboratory Technician,4,Divorced,18884,19755,9,No,24,3,4,1,2,5,3,9,0,11,1
41,No,Non-Travel,143,Research & Development,17,1,Technical Degree,4,Female,47,3,3,Manager,2,Single,6222,18876,8,Yes,25,3,4,1,21,4,4,23,14,14,13
45,No,Travel_Frequently,303,Research & Development,23,4,Life Sciences,1,Male,64,4,2,Sales Executive,1,Divorced,12890,15581,4,No,25,3,1,1,37,4,2,23,3,3,4
25,No,Non-Travel,1071,Sales,11,1,Technical Degree,3,Male,61,2,4,Sales Representative,1,Married,5237,20650,7,No,20,3,4,0,13,3,2,37,8,9,5
45,No,Travel_Rarely,1369,Sales,9,2,Life Sciences,1,Male,53,4,1,Research Director,2,Married,5418,21288,5,No,13,3,4,0,26,2,3,24,9,11,14
53,No,Non-Travel,565,Sales,22,3,Human Resources,1,Male,36,3,4,Research Director,4,Single,1599,16827,3,No,18,3,2,0,19,6,2,7,14,5,3
43,No,Travel_Rarely,550,Research & Development,24,2,Human Resources,2,Male,42,3,4,Laboratory Technician,4,Single,19599,8368,2,No,15,4,1,3,17,1,2,13,2,0,9
25,No,Non-Travel,1014,Sales,24,5,Life Sciences,4,Male,98,4,5,Sales Executive,1,Married,3717,24159,5,No,18,3,4,0,12,5,3,30,1,13,8
45,No,Travel_Rarely,899,Research & Development,25,5,Technical Degree,3,Female,71,3,4,Human Resources,3,Divorced,6990,12938,0,No,25,3,2,1,5,1,2,23,4,0,9
45,Yes,Travel_Rarely,895,Research & Development,23,5,Life Sciences,3,Female,60,4,5,Manager,2,Divorced,13230,21417,1,No,12,3,1,1,9,6,3,15,0,2,3
54,No,Travel_Frequently,538,Sales,25,1,Other,1,Male,55,3,5,Human Resources,4,Single,18140,15283,6,No,17,4,1,3,36,3,1,19,10,4,3
58,No,Travel_Rarely,632,Sales,15,4,Medical,3,Male,61,1,4,Sales Representative,1,Single,14794,19422,3,No,19,3,3,3,28,4,4,37,11,11,5
53,No,Non-Travel,666,Sales,9,2,Human Resources,1,Male,81,1,2,Sales Executive,4,Single,7562,13065,4,No,17,3,2,2,5,5,2,14,2,5,7
44,No,Non-Travel,1398,Research & Development,12,2,Medical,3,Male,49,2,4,Sales Executive,1,Divorced,18890,8059,9,No,13,3,2,3,38,2,3,13,15,4,15
34,No,Travel_Rarely,973,Sales,11,2,Other,4,Male,69,1,4,Manager,2,Single,2388,14715,0,Yes,17,4,2,2,10,6,2,11,13,12,7
26,No,Travel_Rarely,314,Research & Development,17,2,Other,3,Male,88,4,2,Healthcare Representative,3,Single,8369,8442,1,Yes,25,3,1,0,24,0,4,33,11,12,15
50,No,Travel_Rarely,1050,Research & Development,6,5,Human Resources,1,Male,43,3,1,Human Resources,2,Single,4779,26248,3,No,18,3,3,1,29,0,2,7,15,12,5
37,No,Travel_Frequently,1229,Research & Development,28,2,Human Resources,1,Male,73,2,3,Research Scientist,4,Married,15458,25577,7,No,24,3,1,2,19,3,1,18,7,4,16
30,No,Travel_Rarely,293,Research & Development,8,4,Other,3,Male,77,4,1,Research Director,4,Divorced,10097,19674,9,No,11,4,4,2,36,2,3,4,16,8,0
45,No,Travel_Rarely,1206,Research & Development,10,5,Marketing,3,Male,72,4,4,Healthcare Representative,4,Married,2555,19690,3,Yes,23,3,4,2,15,0,4,26,16,1,17
46,Yes,Travel_Rarely,806,Human Resources,25,2,Medical,1,Female,45,2,1,Research Scientist,3,Single,7217,2917,2,Yes,23,3,4,3,30,0,1,40,6,11,16
30,Yes,Travel_Rarely,650,Sales,15,1,Medical,2,Male,64,2,3,Manager,2,Married,17359,9178,2,No,13,3,3,3,28,6,2,12,14,11,16
52,Yes,Travel_Rarely,255,Sales,4,3,Marketing,2,Male,82,4,1,Research Director,1,Married,9884,14549,4,No,15,3,1,3,5,5,2,31,8,0,11
23,Yes,Travel_Rarely,672,Research & Development,29,3,Technical Degree,3,Male,63,3,3,Manufacturing Director,2,Single,2304,12701,2,No,22,3,2,2,28,5,2,30,3,5,11
35,No,Travel_Frequently,341,Human Resources,18,3,Medical,4,Female,32,4,1,Research Scientist,2,Single,16870,19013,7,No,16,3,4,0,31,6,4,40,7,8,5
22,No,Travel_Rarely,475,Research & Development,11,5,Life Sciences,3,Female,97,3,5,Healthcare Representative,3,Married,14982,16330,4,No,13,4,4,1,8,1,3,36,9,6,6
42,No,Travel_Rarely,906,Sales,9,2,Other,4,Female,34,2,4,Research Scientist,2,Single,18778,21488,6,Yes,25,3,1,3,36,6,4,1,14,7,7
19,No,Travel_Rarely,900,Sales,9,5,Other,3,Male,39,4,3,Research Scientist,4,Single,15490,18330,7,No,14,4,2,0,22,2,1,6,17,4,2
27,No,Non-Travel,1329,Human Resources,28,4,Marketing,1,Male,81,1,4,Manager,3,Married,18335,12913,4,No,15,3,3,3,15,0,3,10,13,9,16
47,No,Travel_Rarely,712,Sales,8,1,Medical,3,Female,58,4,5,Human Resources,4,Married,4289,26015,7,No,25,4,4,3,17,5,4,10,4,3,7
22,Yes,Travel_Rarely,1475,Research & Development,3,1,Technical Degree,4,Male,60,3,1,Manufacturing Director,4,Married,14606,14063,2,No,13,3,4,2,18,6,2,22,8,5,10
50,No,Travel_Rarely,789,Research & Development,21,3,Medical,4,Male,95,4,4,Manager,2,Married,18426,19427,6,Yes,14,3,4,2,1,5,1,30,12,2,17
18,No,Travel_Rarely,875,Research & Development,18,3,Other,3,Female,98,3,1,Sales Representative,1,Married,3795,13794,7,No,15,3,2,3,9,5,2,7,18,0,15
35,No,Travel_Rarely,244,Research & Development,14,3,Human Resources,3,Male,66,1,1,Manager,2,Married,3242,2637,6,No,12,3,4,1,11,1,4,31,10,10,12
49,No,Non-Travel,1314,Research & Development,3,2,Life Sciences,2,Male,56,2,4,Research Director,1,Single,2629,5994,1,Yes,20,3,2,3,17,2,1,20,11,3,8
28,No,Travel_Rarely,373,Sales,17,4,Marketing,3,Male,62,1,3,Manufacturing Director,3,Divorced,4544,14039,7,No,19,3,4,1,18,4,3,30,2,8,6
38,No,Travel_Rarely,1425,Research & Development,4,4,Human Resources,3,Male,97,3,3,Sales Executive,3,Single,3891,6318,5,No,20,3,4,0,37,5,3,0,1,3,16
43,No,Travel_Rarely,527,Research & Development,21,4,Technical Degree,1,Male,88,2,4,Sales Representative,3,Married,17563,15852,9,No,18,3,2,3,36,2,4,12,14,0,7
42,No,Travel_Rarely,147,Research & Development,28,4,Human Resources,4,Female,93,2,3,Laboratory Technician,4,Married,10754,17043,2,No,22,3,2,1,26,3,4,10,4,13,7
39,No,Travel_Rarely,196,Sales,18,3,Human Resources,2,Female,73,4,2,Manager,4,Married,4906,4960,3,No,16,3,3,0,13,1,3,28,6,3,2
44,No,Travel_Rarely,165,Human Resources,15,1,Technical Degree,1,Male,78,1,1,Research Scientist,3,Divorced,16870,20724,6,No,20,3,1,0,33,4,3,3,3,6,15
30,No,Travel_Rarely,514,Research & Development,19,3,Human Resources,3,Female,82,3,4,Human Resources,2,Married,3846,20314,2,Yes,21,3,4,2,1,5,4,35,4,2,11
50,No,Non-Travel,1134,Sales,28,4,Marketing,4,Male,78,3,5,Sales Executive,4,Divorced,9608,10362,0,Yes,13,3,4,0,32,6,3,14,15,9,14
51,No,Travel_Rarely,560,Sales,22,3,Other,3,Male,95,2,4,Manager,4,Divorced,16920,25454,5,Yes,21,3,1,2,18,5,1,2,14,5,3
58,No,Travel_Rarely,571,Research & Development,6,4,Medical,3,Female,92,4,4,Manager,2,Divorced,7730,14907,2,No,12,3,1,0,26,1,4,28,15,14,6
52,Yes,Travel_Rarely,911,Research & Development,15,5,Human Resources,3,Female,54,3,1,Healthcare Representative,4,Divorced,18072,18826,9,No,17,3,1,0,29,1,1,20,3,13,10
18,No,Travel_Rarely,607,Research & Development,7,1,Marketing,3,Female,33,4,5,Healthcare Representative,2,Divorced,6496,6695,5,No,18,3,4,1,6,0,2,1,5,0,4
38,No,Travel_Rarely,1198,Sales,12,5,Medical,4,Female,80,2,1,Sales Executive,1,Married,16130,15024,9,No,20,3,4,1,26,5,1,5,17,10,12
23,Yes,Travel_Rarely,185,Sales,16,2,Medical,1,Female,40,2,3,Healthcare Representative,2,Married,1245,6427,2,No,11,3,4,2,20,2,4,30,2,3,10
45,No,Travel_Rarely,160,Research & Development,9,3,Human Resources,3,Female,46,2,4,Research Scientist,1,Single,12638,7493,5,No,24,3,2,3,6,1,2,23,4,2,4
34,Yes,Travel_Rarely,1146,Research & Development,20,2,Marketing,3,Male,95,4,1,Sales Representative,4,Married,12558,24174,3,No,25,3,3,1,24,1,3,39,1,13,7
22,No,Travel_Rarely,1019,Research & Development,5,3,Other,2,Female,99,3,2,Laboratory Technician,1,Divorced,3432,19933,3,No,16,3,3,0,37,3,1,16,15,0,16
48,No,Travel_Rarely,258,Human Resources,11,5,Human Resources,2,Female,98,1,4,Manufacturing Director,2,Married,13915,20663,9,No,17,3,1,2,17,3,1,4,5,15,10
22,No,Travel_Rarely,1454,Human Resources,2,4,Technical Degree,4,Female,58,4,3,Laboratory Technician,1,Divorced,15997,9530,9,No,25,3,1,2,32,3,4,1,14,2,17
55,No,Non-Travel,677,Human Resources,22,4,Medical,3,Male,49,2,1,Laboratory Technician,3,Divorced,2041,22289,1,No,23,3,4,2,32,1,3,11,17,14,9
20,No,Non-Travel,938,Research & Development,16,3,Human Resources,3,Male,56,1,1,Manufacturing Director,2,Single,7348,25787,3,Yes,19,3,3,0,31,4,4,4,5,3,4
40,No,Travel_Rarely,781,Research & Development,4,4,Medical,3,Male,37,1,2,Healthcare Representative,2,Single,3949,17041,3,No,22,3,3,1,24,2,3,40,12,4,0
54,No,Travel_Rarely,304,Research & Development,5,5,Marketing,4,Male,90,1,3,Sales Executive,1,Married,13271,16055,6,No,13,3,2,3,13,1,4,19,12,5,16
54,No,Non-Travel,1231,Research & Development,7,4,Life Sciences,4,Female,57,1,2,Manufacturing Director,4,Single,12661,10180,4,Yes,12,3,4,2,37,6,3,7,0,1,16
27,No,Travel_Rarely,1247,Research & Development,6,5,Human Resources,3,Male,99,1,4,Research Director,4,Married,5951,5776,7,Yes,15,3,4,0,37,6,2,0,15,1,0
27,No,Non-Travel,419,Sales,24,2,Other,3,Male,32,2,5,Sales Representative,2,Divorced,7970,20324,6,No,23,3,3,1,3,0,4,5,3,5,0
36,Yes,Travel_Rarely,1307,Research & Development,22,5,Human Resources,4,Female,98,3,1,Human Resources,2,Married,8739,3948,9,No,25,3,3,1,17,6,2,10,16,15,8
34,Yes,Travel_Rarely,1441,Sales,10,1,Medical,3,Male,36,1,2,Healthcare Representative,1,Married,1642,5079,8,No,20,4,2,3,9,5,4,2,17,4,3
38,Yes,Travel_Rarely,507,Research & Development,14,1,Marketing,1,Male,89,3,1,Manufacturing Director,2,Single,7831,12911,7,Yes,11,3,2,2,34,4,4,30,15,0,8
31,No,Travel_Rarely,1087,Research & Development,8,1,Technical Degree,1,Male,33,3,1,Research Director,2,Single,7496,21372,8,No,23,3,4,0,34,4,4,27,0,2,13
26,No,Travel_Frequently,1050,Research & Development,29,3,Other,4,Female,34,4,2,Human Resources,4,Married,16140,9590,0,Yes,16,3,2,1,39,2,1,4,5,10,14
18,Yes,Travel_Rarely,1195,Sales,14,3,Marketing,1,Male,40,2,1,Sales Representative,2,Married,6747,2652,9,Yes,19,3,3,0,22,4,4,25,10,4,15
30,No,Travel_Rarely,1285,Human Resources,14,3,Human Resources,2,Female,44,1,3,Sales Representative,1,Single,4107,21374,2,No,20,3,4,1,24,2,3,15,5,14,15
21,No,Travel_Rarely,1365,Research & Development,20,5,Technical Degree,3,Male,93,3,3,Healthcare Representative,2,Married,9106,3348,4,No,25,3,3,2,0,6,1,30,16,12,12
18,No,Travel_Frequently,1263,Sales,28,3,Marketing,2,Male,42,4,5,Manufacturing Director,2,Single,14145,17761,8,No,19,4,4,2,17,4,3,27,3,11,13
57,Yes,Travel_Rarely,596,Sales,23,2,Life Sciences,2,Male,36,3,3,Sales Executive,2,Divorced,6485,20159,7,No,17,3,4,3,14,5,3,6,13,11,8
49,No,Travel_Rarely,780,Sales,3,1,Other,2,Female,35,1,2,Sales Representative,3,Single,9262,18172,9,Yes,24,3,3,1,24,2,3,37,13,1,8
51,No,Travel_Rarely,1372,Sales,1,5,Medical,1,Male,85,2,3,Sales Executive,2,Single,19210,23749,6,Yes,21,3,4,0,31,3,3,8,7,0,3
45,No,Travel_Rarely,1368,Human Resources,29,1,Marketing,3,Male,93,2,5,Sales Executive,1,Single,5896,12100,1,Yes,17,4,4,1,19,3,3,38,1,15,9
48,No,Travel_Rarely,1461,Research & Development,9,3,Marketing,3,Male,79,1,4,Healthcare Representative,4,Married,19991,8377,5,No,25,3,2,0,16,4,2,34,4,8,2
25,No,Travel_Rarely,936,Research & Development,9,5,Life Sciences,4,Female,59,3,4,Human Resources,4,Married,12652,10948,3,No,18,3,3,3,10,4,1,26,3,14,8
56,No,Travel_Rarely,295,Sales,22,4,Human Resources,2,Male,51,4,2,Manager,3,Married,10501,14402,4,No,20,4,3,1,12,6,3,11,9,4,15
43,No,Travel_Rarely,409,Sales,2,2,Other,1,Female,54,2,5,Laboratory Technician,1,Married,3662,5419,4,No,24,3,2,2,24,2,2,24,2,1,15
51,No,Travel_Rarely,607,Research & Development,16,3,Other,2,Female,57,2,3,Laboratory Technician,4,Married,2463,19719,3,No,12,3,4,0,19,6,2,28,15,9,16
20,No,Travel_Rarely,382,Sales,8,3,Medical,2,Male,68,3,5,Sales Representative,4,Married,18531,5237,3,No,24,3,1,2,24,2,3,30,9,3,17
29,No,Travel_Rarely,776,Research & Development,26,2,Marketing,3,Male,96,3,1,Manager,2,Married,6816,5131,3,No,16,3,1,3,30,5,4,33,14,2,9
18,No,Non-Travel,1034,Human Resources,6,2,Technical Degree,4,Male,34,3,5,Human Resources,2,Single,4201,26831,1,No,15,4,3,3,0,1,3,32,3,6,14
22,Yes,Travel_Rarely,816,Research & Development,23,4,Marketing,1,Male,94,4,3,Manager,2,Married,13821,14511,0,Yes,15,4,2,0,15,3,2,26,0,0,14
47,No,Non-Travel,709,Research & Development,13,3,Medical,3,Male,44,3,2,Healthcare Representative,3,Divorced,16784,20259,1,No,23,4,4,1,27,1,3,1,14,14,10
47,Yes,Non-Travel,584,Sales,1,3,Marketing,2,Male,96,4,1,Sales Representative,2,Divorced,11411,6769,6,No,13,3,2,2,20,1,2,13,9,9,7
34,Yes,Travel_Rarely,1348,Sales,19,1,Life Sciences,3,Male,69,1,5,Sales Executive,1,Married,14083,19955,0,Yes,13,3,4,2,29,0,3,12,17,11,15
40,No,Travel_Rarely,218,Sales,15,5,Marketing,2,Male,98,4,4,Sales Representative,3,Single,16254,9242,5,No,16,3,3,0,2,2,2,23,15,11,9
32,No,Travel_Frequently,1069,Research & Development,1,5,Marketing,1,Male,72,3,3,Laboratory Technician,4,Single,4768,9645,3,No,22,3,3,0,33,0,3,4,8,3,8
54,No,Travel_Rarely,293,Sales,10,1,Technical Degree,3,Male,30,4,2,Human Resources,4,Divorced,16692,18584,1,Yes,20,3,1,0,5,0,4,33,18,6,14
38,No,Travel_Rarely,889,Research & Development,1,5,Life Sciences,3,Female,51,4,3,Manager,1,Single,13469,4762,2,Yes,23,3,2,3,28,1,4,22,16,10,4
31,No,Travel_Rarely,719,Research & Development,28,2,Life Sciences,3,Female,91,4,5,Human Resources,1,Single,17456,23413,6,No,20,3,3,3,2,0,2,18,9,9,1
19,No,Travel_Frequently,617,Research & Development,12,5,Marketing,3,Female,55,2,2,Healthcare Representative,4,Single,16469,25748,5,No,17,4,2,2,32,5,4,29,18,12,15
28,Yes,Travel_Frequently,408,Sales,11,5,Other,3,Male,47,3,4,Sales Representative,1,Married,18738,19642,5,Yes,24,3,3,1,10,2,4,15,7,4,17
56,No,Non-Travel,633,Sales,29,1,Technical Degree,1,Male,77,4,1,Manufacturing Director,1,Single,18367,17006,7,No,11,3,4,0,4,1,1,39,18,3,15
55,No,Travel_Rarely,223,Human Resources,17,4,Marketing,4,Male,38,3,5,Sales Representative,1,Married,10823,19635,7,No,24,3,4,3,31,2,3,33,4,3,4
51,No,Non-Travel,750,Research & Development,4,5,Marketing,1,Male,30,1,2,Sales Executive,2,Married,14899,4340,5,No,13,3,1,1,17,5,3,10,1,10,0
55,No,Travel_Rarely,693,Research & Development,29,5,Medical,3,Male,38,4,1,Sales Representative,4,Divorced,2749,8747,0,No,22,3,3,0,19,4,4,13,14,11,9
51,No,Travel_Rarely,1279,Sales,23,4,Medical,2,Female,52,4,2,Research Director,1,Single,12227,13227,9,No,11,4,1,1,38,0,4,14,16,13,12
35,No,Travel_Rarely,971,Human Resources,7,1,Other,2,Male,74,1,5,Healthcare Representative,1,Single,7064,9743,6,No,20,3,1,0,39,1,2,34,9,1,10
47,Yes,Travel_Rarely,1294,Research & Development,12,4,Technical Degree,3,Male,31,3,2,Research Scientist,2,Married,2963,18989,7,Yes,13,3,3,1,27,3,3,6,1,7,14
32,No,Travel_Rarely,160,Sales,13,1,Human Resources,4,Female,43,1,4,Healthcare Representative,4,Married,17672,10535,4,No,15,3,3,2,12,2,1,28,8,15,1
44,No,Travel_Frequently,402,Research & Development,5,2,Medical,3,Male,67,1,2,Manager,3,Married,19784,2982,3,Yes,19,3,4,0,25,6,1,21,1,11,5
51,No,Non-Travel,654,Sales,28,1,Human Resources,1,Male,69,1,5,Research Scientist,4,Divorced,10241,11309,6,No,13,3,1,0,15,5,4,22,17,15,10
55,No,Non-Travel,1242,Research & Development,6,2,Life Sciences,4,Male,92,1,2,Manager,4,Single,7448,26461,5,No,20,3,4,2,24,0,2,23,11,3,14
50,Yes,Travel_Rarely,1252,Research & Development,2,2,Medical,4,Male,45,3,1,Manager,4,Divorced,1970,10885,5,No,24,3,2,0,9,2,2,34,14,1,8
41,No,Non-Travel,500,Sales,21,1,Medical,1,Female,35,4,1,Sales Executive,2,Married,18610,21500,2,No,20,3,2,0,28,5,3,9,5,8,11
32,No,Travel_Rarely,616,Human Resources,7,3,Technical Degree,4,Male,32,1,3,Sales Executive,4,Single,7016,21008,9,No,19,3,1,3,37,2,4,7,17,13,3
47,No,Non-Travel,906,Research & Development,14,1,Other,3,Male,43,1,3,Laboratory Technician,3,Divorced,18785,13169,3,Yes,11,3,1,2,19,4,4,11,12,13,13
59,No,Travel_Rarely,599,Research & Development,25,5,Human Resources,3,Female,95,2,4,Laboratory Technician,1,Married,3085,24793,4,No,16,3,3,3,25,6,2,28,3,15,2
34,Yes,Non-Travel,1043,Sales,22,5,Medical,2,Female,96,3,1,Manufacturing Director,4,Single,7205,17298,8,No,19,3,3,2,31,5,1,28,11,12,16
22,No,Travel_Rarely,629,Sales,28,3,Medical,1,Female,60,1,3,Research Scientist,2,Single,17301,20542,7,No,22,3,1,1,38,2,1,22,8,11,12
46,No,Travel_Rarely,499,Sales,14,2,Technical Degree,4,Female,62,2,2,Human Resources,4,Single,11324,12044,2,Yes,15,3,1,2,37,6,3,25,1,9,7
21,No,Travel_Frequently,1390,Research & Development,10,3,Technical Degree,4,Male,30,1,4,Sales Representative,4,Married,12794,7507,5,No,21,3,2,2,23,4,4,36,15,12,11
27,No,Travel_Rarely,1388,Sales,4,5,Other,4,Male,73,3,5,Sales Representative,3,Single,9151,8631,9,No,24,3,4,3,30,4,4,31,0,6,11
34,No,Travel_Frequently,537,Research & Development,3,3,Human Resources,3,Male,44,2,3,Manager,3,Single,7269,5663,0,Yes,20,3,2,0,39,4,1,37,3,15,11
27,No,Travel_Rarely,941,Research & Development,25,1,Life Sciences,1,Male,66,2,3,Laboratory Technician,2,Single,16543,3336,2,No,12,3,2,2,11,0,4,5,14,14,1
34,No,Travel_Rarely,461,Sales,23,3,Other,3,Female,56,3,1,Manager,2,Married,5850,6423,9,No,15,3,4,0,35,5,4,7,0,2,9
37,Yes,Travel_Rarely,1254,Research & Development,27,2,Life Sciences,4,Female,77,2,4,Research Director,2,Divorced,14393,12581,6,No,11,3,1,2,9,2,2,16,14,14,8
41,No,Travel_Rarely,965,Sales,14,1,Marketing,3,Male,56,2,1,Research Director,2,Divorced,18452,20403,6,No,19,3,1,3,5,2,3,11,2,6,0
22,No,Travel_Rarely,735,Human Resources,29,4,Medical,4,Male,41,1,1,Human Resources,2,Single,2931,5489,1,No,20,3,2,2,6,6,3,21,12,0,3
51,No,Travel_Rarely,1366,Research & Development,6,5,Human Resources,4,Male,96,2,4,Sales Executive,1,Divorced,13000,18918,2,Yes,23,3,2,1,30,6,3,13,17,11,13
23,No,Travel_Rarely,1347,Sales,23,5,Other,3,Female,59,4,2,Sales Executive,1,Married,7110,23709,6,No,20,3,4,2,26,5,2,33,12,0,15
19,No,Non-Travel,315,Sales,15,3,Medical,4,Male,95,3,3,Laboratory Technician,2,Divorced,3482,26659,5,No,19,3,3,2,7,4,3,18,9,3,17
30,No,Non-Travel,1017,Research & Development,8,1,Human Resources,3,Female,36,1,1,Laboratory Technician,2,Married,9117,21221,6,No,16,3,3,0,2,2,3,5,6,3,1
60,No,Travel_Rarely,693,Research & Development,5,4,Human Resources,2,Female,63,2,3,Research Director,1,Married,16459,10133,9,No,21,3,1,0,39,2,1,17,7,3,5
60,No,Travel_Rarely,236,Research & Development,3,1,Human Resources,3,Female,61,4,4,Sales Executive,3,Divorced,11052,10292,8,No,19,4,3,1,20,4,1,35,0,8,2
28,No,Travel_Rarely,855,Research & Development,3,5,Medical,2,Female,68,1,2,Research Scientist,1,Single,17219,3680,7,Yes,24,3,1,2,0,3,3,36,17,5,12
40,No,Travel_Rarely,487,Sales,13,1,Other,2,Female,72,3,5,Research Scientist,2,Married,5558,19303,5,No,13,3,1,0,14,3,2,37,11,2,16
33,No,Travel_Rarely,1428,Sales,2,4,Technical Degree,3,Male,72,2,2,Laboratory Technician,3,Divorced,1603,5918,3,No,25,3,1,2,6,4,2,14,17,5,13
48,Yes,Travel_Rarely,1412,Sales,24,3,Medical,1,Male,32,3,4,Manager,2,Divorced,17899,19746,9,Yes,14,3,4,3,14,6,2,37,11,1,10
28,No,Travel_Frequently,1314,Research & Development,1,2,Human Resources,1,Male,75,3,2,Sales Executive,4,Divorced,5898,26093,8,Yes,23,3,2,3,24,0,4,39,8,1,15
33,No,Travel_Rarely,1422,Research & Development,12,1,Other,3,Male,61,2,5,Research Scientist,3,Married,9221,5530,6,No,16,3,3,1,2,6,4,8,1,6,10
25,Yes,Travel_Rarely,490,Research & Development,8,2,Marketing,3,Female,72,2,1,Sales Executive,2,Single,18792,10183,4,No,14,4,4,3,29,6,2,5,13,13,17
21,Yes,Travel_Rarely,845,Sales,19,5,Life Sciences,4,Male,32,1,2,Healthcare Representative,1,Single,4210,18151,1,No,11,3,3,0,13,2,1,1,3,2,1
57,No,Travel_Rarely,1386,Research & Development,9,3,Human Resources,4,Female,92,3,4,Sales Representative,2,Married,8863,3404,8,No,17,3,4,0,3,6,4,15,14,6,7
21,No,Travel_Rarely,805,Research & Development,28,3,Marketing,3,Male,69,2,2,Research Director,1,Married,7772,11913,6,No,15,3,3,1,35,2,2,0,16,2,13
42,No,Travel_Rarely,1026,Research & Development,14,1,Technical Degree,1,Male,47,3,5,Sales Executive,3,Single,11662,17559,8,No,24,3,3,2,2,3,4,29,18,11,1
20,No,Travel_Rarely,874,Research & Development,28,3,Human Resources,4,Female,96,2,4,Sales Representative,1,Single,6199,15551,8,No,25,3,2,0,4,6,4,32,5,11,12
49,No,Travel_Rarely,1238,Sales,27,1,Marketing,4,Male,91,3,2,Healthcare Representative,3,Married,14724,2571,9,No,18,3,3,3,24,4,4,0,8,1,9
20,No,Non-Travel,965,Sales,18,1,Human Resources,1,Male,39,1,4,Sales Executive,2,Married,6690,11000,4,No,19,3,4,0,30,5,4,38,16,3,7
44,Yes,Travel_Rarely,1161,Research & Development,10,2,Medical,3,Male,81,3,5,Laboratory Technician,1,Divorced,4687,11962,6,No,15,3,3,1,10,5,2,15,14,14,6
46,No,Travel_Rarely,180,Research & Development,9,3,Other,1,Female,75,2,1,Sales Representative,3,Married,15111,20640,4,No,18,3,2,3,7,6,4,16,4,3,12
49,No,Non-Travel,1400,Sales,6,1,Marketing,2,Male,84,4,5,Sales Executive,3,Divorced,17729,2602,2,No,23,3,3,3,25,0,3,37,17,2,14
36,Yes,Travel_Rarely,1403,Research & Development,1,2,Other,4,Male,75,1,1,Sales Representative,3,Married,2676,9413,9,Yes,11,3,4,3,1,6,2,17,3,8,1
38,No,Travel_Rarely,775,Research & Development,5,4,Medical,4,Male,89,1,3,Healthcare Representative,4,Divorced,18302,2475,7,Yes,11,3,3,1,27,4,2,21,1,15,4
22,Yes,Travel_Rarely,413,Research & Development,10,2,Medical,4,Female,55,4,5,Sales Executive,3,Married,9213,17381,7,Yes,17,3,2,1,9,3,2,21,18,5,0
35,No,Non-Travel,305,Research & Development,25,2,Other,1,Female,56,2,1,Sales Executive,2,Divorced,6131,3939,8,No,25,3,2,2,38,3,4,34,4,4,6
45,No,Non-Travel,1086,Research & Development,13,1,Marketing,1,Male,67,1,3,Sales Executive,2,Divorced,12226,25778,5,No,16,3,2,2,36,6,2,30,3,12,17
59,Yes,Travel_Rarely,118,Research & Development,22,5,Other,3,Male,51,4,3,Human Resources,2,Divorced,16592,14656,1,No,15,3,2,2,38,2,1,39,4,11,0
39,No,Travel_Rarely,577,Research & Development,23,5,Other,4,Female,55,4,3,Laboratory Technician,3,Married,1982,12004,2,No,24,3,1,1,20,1,3,26,18,11,0
38,No,Non-Travel,1118,Research & Development,4,5,Life Sciences,2,Male,98,3,4,Healthcare Representative,2,Single,2417,26195,9,No,25,3,2,3,27,0,1,35,12,5,6
23,No,Travel_Rarely,311,Research & Development,1,2,Marketing,3,Male,64,3,5,Human Resources,3,Single,11144,26987,5,No,15,4,3,3,37,0,3,3,15,12,16
18,No,Travel_Rarely,600,Research & Development,21,1,Life Sciences,1,Male,95,2,5,Manager,3,Single,19681,6723,0,Yes,24,3,3,0,32,1,3,4,11,10,5
22,No,Non-Travel,530,Sales,2,3,Human Resources,2,Female,80,4,5,Human Resources,3,Single,9747,7798,1,No,19,3,3,2,10,5,4,24,8,7,11
58,No,Travel_Rarely,1203,Research & Development,24,2,Other,3,Male,47,3,5,Research Director,4,Single,15358,3870,7,No,11,3,3,3,0,5,3,30,15,4,14
29,No,Travel_Rarely,1205,Research & Development,4,2,Human Resources,1,Male,72,2,4,Research Director,1,Married,2227,26581,7,No,18,3,1,3,32,5,3,13,13,12,12
43,No,Travel_Frequently,1431,Research & Development,17,1,Marketing,2,Female,41,1,5,Sales Executive,2,Married,18813,17607,5,No,12,3,1,3,2,3,1,29,0,14,11
51,No,Travel_Rarely,159,Research & Development,10,4,Other,3,Female,32,3,1,Human Resources,4,Married,4386,20762,2,Yes,17,3,1,3,25,4,3,11,3,12,1
31,No,Travel_Rarely,1333,Research & Development,23,2,Human Resources,2,Male,36,2,3,Manager,2,Single,11973,17322,1,No,16,3,3,1,14,0,2,26,8,3,17
43,No,Travel_Rarely,1260,Research & Development,12,4,Technical Degree,1,Male,35,3,4,Human Resources,4,Married,5107,3338,5,No,20,3,4,2,40,1,2,23,18,6,3
44,No,Travel_Rarely,1095,Research & Development,27,4,Medical,3,Female,74,1,4,Laboratory Technician,1,Married,8628,3427,0,No,12,3,4,3,13,2,3,29,13,11,9
26,No,Non-Travel,623,Sales,2,5,Other,1,Female,68,1,5,Laboratory Technician,1,Married,12948,5763,9,No,22,3,3,3,22,6,2,17,11,13,10
43,Yes,Travel_Rarely,682,Research & Development,3,1,Medical,4,Female,80,3,3,Manager,1,Divorced,19235,19678,5,Yes,23,3,2,3,7,2,4,13,3,4,5
39,No,Travel_Rarely,1000,Research & Development,14,4,Life Sciences,4,Male,38,1,1,Human Resources,1,Single,17887,20272,8,No,13,3,2,3,35,6,2,18,6,15,5
47,No,Travel_Frequently,1208,Research & Development,25,1,Human Resources,2,Male,52,2,3,Sales Representative,3,Single,7569,17673,6,Yes,14,3,3,0,19,3,4,21,16,3,8
60,Yes,Travel_Rarely,722,Sales,15,5,Life Sciences,4,Female,41,3,2,Laboratory Technician,2,Married,6519,24659,8,Yes,17,3,2,3,5,0,3,25,0,13,12
34,No,Travel_Rarely,1169,Sales,13,1,Other,1,Female,91,3,3,Laboratory Technician,2,Single,4453,19932,1,No,18,3,2,3,32,4,4,6,13,4,4
43,No,Travel_Rarely,1067,Research & Development,9,2,Medical,2,Male,69,1,1,Research Scientist,2,Married,8552,4027,4,No,23,4,4,3,27,0,4,27,14,15,5
53,No,Travel_Rarely,1011,Sales,2,4,Medical,3,Male,83,2,1,Human Resources,3,Married,13438,2840,8,No,21,3,3,0,37,6,3,37,11,10,3
18,No,Travel_Rarely,594,Sales,19,1,Human Resources,1,Female,36,3,1,Laboratory Technician,2,Single,8262,25848,6,No,12,3,1,1,29,5,3,4,11,3,5
25,No,Travel_Rarely,600,Sales,16,3,Other,3,Male,46,3,4,Healthcare Representative,1,Single,14784,11126,8,No,18,3,4,0,16,2,4,35,5,7,17
52,Yes,Travel_Rarely,1143,Sales,11,1,Technical Degree,3,Male,79,1,4,Human Resources,2,Married,1054,26451,5,Yes,21,3,3,3,8,0,1,17,12,15,12
32,No,Travel_Rarely,706,Sales,12,4,Technical Degree,3,Male,53,1,2,Research Director,2,Married,16606,8921,6,Yes,19,3,3,1,27,2,3,13,15,7,2
39,No,Travel_Rarely,1049,Research & Development,25,5,Human Resources,3,Male,31,2,3,Research Scientist,4,Married,3066,18291,9,No,17,3,4,3,6,1,3,22,13,0,9
31,Yes,Travel_Frequently,395,Research & Development,1,5,Other,1,Male,62,2,5,Laboratory Technician,3,Single,1672,2886,4,Yes,11,3,2,1,27,1,1,13,6,15,3
43,No,Travel_Frequently,1273,Research & Development,2,4,Human Resources,4,Female,50,1,2,Research Scientist,1,Single,5677,9021,5,No,16,3,2,3,16,2,2,31,15,13,14
45,No,Travel_Rarely,273,Research & Development,16,2,Other,1,Male,82,2,5,Research Director,1,Single,19422,19745,0,Yes,18,4,4,3,39,4,1,4,8,11,11
40,No,Travel_Rarely,632,Research & Development,27,2,Life Sciences,4,Male,75,4,5,Manager,1,Single,6726,11836,0,No,15,3,3,1,4,4,2,21,13,2,14
31,No,Travel_Rarely,1245,Sales,2,5,Human Resources,3,Male,74,4,2,Manager,2,Divorced,3705,8463,1,No,22,3,1,1,4,0,1,27,6,10,9
41,No,Non-Travel,167,Sales,26,5,Other,4,Male,38,1,3,Human Resources,1,Single,14209,16894,3,No,25,3,3,3,13,2,4,11,11,3,11
19,No,Non-Travel,242,Research & Development,19,4,Technical Degree,3,Male,35,3,5,Research Director,1,Married,17110,21168,8,No,12,3,1,0,5,3,3,17,2,15,7
43,No,Travel_Rarely,547,Sales,10,2,Other,2,Male,80,1,4,Manufacturing Director,4,Divorced,9840,9968,6,No,25,3,1,0,6,4,1,35,13,1,2
31,No,Non-Travel,290,Research & Development,19,5,Other,3,Female,64,1,4,Manufacturing Director,2,Single,6013,18770,5,No,15,3,3,0,16,6,3,30,18,13,6
24,No,Travel_Rarely,259,Research & Development,10,2,Human Resources,4,Male,82,1,2,Human Resources,4,Married,14165,8958,0,No,18,3,3,0,8,4,2,12,10,12,17
20,No,Travel_Rarely,771,Research & Development,16,5,Life Sciences,2,Male,48,3,5,Sales Executive,3,Divorced,5411,6116,4,No,12,3,3,1,30,5,4,19,4,4,2
40,Yes,Travel_Rarely,347,Sales,13,1,Life Sciences,2,Male,98,4,2,Research Scientist,2,Divorced,11796,20126,3,Yes,11,3,1,1,21,1,3,35,12,10,14
60,No,Non-Travel,957,Sales,16,3,Life Sciences,3,Male,54,2,4,Research Scientist,4,Married,15671,13102,4,No,25,3,2,0,8,4,1,6,9,7,1
35,No,Non-Travel,1045,Research & Development,18,1,Life Sciences,1,Female,40,4,2,Manager,3,Married,6921,14196,8,No,14,3,1,2,15,6,1,22,6,11,14
55,No,Non-Travel,849,Sales,24,5,Marketing,4,Male,46,2,5,Manufacturing Director,4,Divorced,1403,17436,2,No,14,3,1,2,35,4,4,33,16,1,12
52,No,Non-Travel,1158,Research & Development,8,3,Human Resources,2,Female,65,2,5,Laboratory Technician,3,Married,15644,13204,3,No,19,4,1,2,33,6,2,31,15,13,9
32,No,Travel_Frequently,1486,Research & Development,24,3,Medical,1,Male,50,1,4,Laboratory Technician,1,Divorced,4606,7265,7,Yes,13,3,4,3,12,5,4,20,7,8,7
42,No,Travel_Rarely,431,Human Resources,18,5,Human Resources,3,Female,47,1,1,Laboratory Technician,1,Married,11533,11683,2,Yes,14,3,2,0,18,6,4,5,16,12,15
54,No,Travel_Rarely,613,Sales,13,5,Marketing,3,Male,89,2,1,Manager,2,Married,1338,20171,2,No,13,3,1,3,11,4,3,15,12,6,15
45,No,Non-Travel,951,Research & Development,25,2,Life Sciences,3,Female,47,3,3,Research Director,4,Divorced,18165,8804,8,No,12,3,1,1,35,5,2,34,10,5,1
27,No,Travel_Rarely,1196,Research & Development,27,5,Marketing,3,Male,30,3,4,Sales Representative,4,Divorced,2654,19515,4,Yes,14,4,4,1,9,2,4,19,17,7,8
56,No,Travel_Rarely,1438,Research & Development,7,4,Technical Degree,4,Male,43,3,3,Manufacturing Director,3,Married,19180,22330,9,No,24,3,1,2,15,2,3,40,4,13,7
34,No,Non-Travel,180,Sales,28,5,Technical Degree,2,Female,37,3,4,Manufacturing Director,2,Single,10824,7553,0,No,18,3,2,2,27,1,3,10,5,1,10
56,No,Travel_Frequently,270,Research & Development,21,4,Human Resources,4,Female,95,1,5,Research Scientist,1,Married,18392,17031,6,No,11,3,1,1,18,0,2,31,13,13,0
39,No,Travel_Rarely,911,Sales,23,5,Human Resources,2,Male,80,4,4,Sales Executive,4,Married,2857,11848,6,Yes,18,3,2,2,39,5,2,13,11,4,10
43,No,Travel_Rarely,1084,Research & Development,24,2,Medical,1,Male,89,4,2,Human Resources,3,Married,2570,9142,5,Yes,18,3,2,2,5,4,3,23,3,3,17
42,Yes,Travel_Rarely,281,Sales,25,4,Medical,1,Male,63,2,3,Research Scientist,1,Divorced,1782,24662,5,No,25,3,3,1,3,0,2,38,6,7,14
34,No,Travel_Rarely,361,Research & Development,18,1,Technical Degree,2,Female,65,3,4,Research Director,1,Divorced,8320,11577,2,Yes,13,3,4,3,29,2,3,30,10,12,8
30,No,Travel_Rarely,1130,Research & Development,6,4,Life Sciences,3,Male,91,1,3,Human Resources,1,Married,16212,19639,2,Yes,24,3,4,2,38,4,2,16,1,0,8
37,No,Travel_Rarely,398,Research & Development,9,2,Marketing,1,Male,30,1,4,Manufacturing Director,3,Single,19196,19507,9,Yes,20,3,4,3,30,0,2,24,3,11,0
42,No,Non-Travel,721,Sales,29,4,Medical,4,Female,71,1,1,Research Director,3,Married,10299,14543,8,No,20,3,3,2,26,5,2,8,6,2,6
21,No,Travel_Rarely,956,Sales,6,5,Other,2,Female,30,2,3,Human Resources,1,Married,3059,17448,0,No,22,3,3,0,20,5,1,21,0,9,11
27,No,Travel_Rarely,461,Research & Development,18,5,Medical,1,Female,83,1,5,Healthcare Representative,3,Married,18140,3072,6,No,22,3,2,3,36,0,2,34,14,7,9
20,No,Travel_Rarely,218,Research & Development,17,2,Life Sciences,2,Female,76,2,5,Sales Representative,1,Married,4982,10803,9,No,16,3,4,3,8,6,1,36,7,4,15
58,No,Travel_Rarely,458,Sales,12,3,Life Sciences,3,Female,68,2,4,Manufacturing Director,1,Married,2624,17854,6,Yes,23,3,3,2,34,5,3,16,4,3,5
35,No,Travel_Rarely,1058,Research & Development,3,5,Human Resources,2,Male,59,2,5,Sales Executive,1,Single,15559,13117,7,No,23,4,3,3,20,3,4,27,13,5,10
53,No,Non-Travel,540,Human Resources,27,1,Marketing,1,Male,36,2,5,Laboratory Technician,3,Single,11503,23607,5,Yes,14,3,3,0,16,2,4,0,17,11,17
39,No,Travel_Rarely,1456,Research & Development,5,2,Life Sciences,2,Female,51,1,3,Healthcare Representative,2,Married,6515,18615,7,No,23,3,2,1,23,1,4,8,2,4,14
51,Yes,Non-Travel,1313,Research & Development,7,4,Medical,1,Male,79,1,4,Laboratory Technician,2,Single,14063,13239,0,Yes,11,3,1,0,30,1,3,12,1,2,15
25,Yes,Non-Travel,1406,Human Resources,10,4,Medical,1,Female,74,4,3,Sales Representative,3,Married,14870,23286,0,No,24,3,3,1,5,3,2,31,15,12,13
57,Yes,Travel_Rarely,1240,Sales,10,1,Technical Degree,1,Male,39,1,4,Human Resources,4,Married,12596,16585,8,Yes,11,3,3,0,34,0,1,27,13,10,7
36,No,Travel_Rarely,1361,Research & Development,19,5,Life Sciences,4,Male,43,3,5,Manager,3,Married,14524,20933,3,No,15,3,3,0,36,5,3,30,15,13,7
59,No,Travel_Rarely,1463,Human Resources,25,2,Other,3,Female,75,3,4,Sales Executive,4,Single,6863,9486,2,No,22,3,4,3,12,3,4,7,10,4,1
58,No,Travel_Rarely,623,Sales,26,1,Human Resources,3,Female,35,2,4,Sales Representative,1,Divorced,17609,13541,5,No,18,3,4,0,24,3,4,7,16,3,5
54,No,Non-Travel,300,Research & Development,28,5,Marketing,2,Male,50,2,2,Laboratory Technician,4,Married,18752,21744,9,No,11,3,3,2,31,5,4,33,2,0,12
23,No,Travel_Rarely,1175,Research & Development,4,2,Other,2,Female,91,2,4,Healthcare Representative,1,Married,4783,23127,8,Yes,12,3,2,2,0,2,4,22,4,0,12
43,Yes,Non-Travel,1267,Research & Development,10,4,Human Resources,1,Female,48,4,2,Manufacturing Director,2,Married,5936,10681,9,Yes,17,3,1,2,34,5,1,9,2,13,11
51,No,Travel_Frequently,771,Research & Development,18,2,Medical,3,Male,91,2,3,Healthcare Representative,1,Single,5438,12223,3,Yes,18,3,4,2,18,5,4,36,14,14,1
23,No,Travel_Rarely,1155,Human Resources,3,3,Other,2,Male,82,4,2,Healthcare Representative,4,Married,5615,16001,8,Yes,22,3,1,3,11,6,1,24,4,6,11
54,No,Travel_Rarely,1207,Research & Development,21,2,Human Resources,2,Female,53,2,3,Manager,2,Divorced,5487,23731,4,No,24,3,3,2,39,4,4,32,2,3,16
50,No,Travel_Rarely,132,Sales,3,3,Medical,3,Female,85,3,4,Manager,2,Married,17085,7522,6,No,13,3,4,0,39,0,3,3,5,0,5
39,No,Travel_Rarely,1109,Research & Development,5,2,Medical,1,Male,91,2,3,Research Director,3,Divorced,19289,24463,2,Yes,21,3,1,2,19,1,1,6,13,5,6
38,No,Travel_Rarely,434,Sales,16,3,Medical,2,Female,63,1,5,Research Director,4,Married,8375,4683,2,No,22,3,3,3,32,1,1,32,1,10,5
23,Yes,Travel_Rarely,761,Research & Development,20,4,Medical,1,Female,51,2,4,Human Resources,4,Single,5436,25654,2,Yes,23,3,4,1,28,3,3,1,17,11,3
23,No,Travel_Rarely,278,Research & Development,13,5,Medical,3,Male,97,1,2,Research Director,3,Single,14485,5128,7,No,18,3,3,0,15,6,4,31,5,14,8
21,No,Travel_Frequently,471,Research & Development,11,3,Technical Degree,3,Female,86,1,1,Research Scientist,3,Married,6370,2263,5,No,11,3,4,0,13,3,4,4,4,15,4
47,No,Non-Travel,648,Research & Development,26,3,Other,2,Male,39,1,4,Sales Executive,2,Married,1650,5333,8,No,19,3,1,3,6,3,2,16,13,10,9
28,No,Travel_Rarely,636,Human Resources,13,4,Human Resources,2,Male,95,1,5,Research Scientist,3,Single,11094,5509,8,No,22,3,1,1,5,0,2,11,16,11,14
47,No,Travel_Rarely,1231,Research & Development,19,3,Technical Degree,3,Female,37,4,3,Research Scientist,2,Divorced,5059,22046,7,No,12,3,4,2,20,3,1,11,10,10,7
48,No,Travel_Rarely,198,Research & Development,28,1,Technical Degree,1,Female,67,4,2,Laboratory Technician,4,Married,5562,13502,0,No,24,4,2,1,35,3,2,34,0,10,3
41,No,Travel_Rarely,331,Sales,6,4,Life Sciences,1,Female,91,2,2,Sales Representative,3,Single,19697,5578,5,Yes,23,3,3,0,21,4,3,20,9,0,4
26,No,Travel_Rarely,328,Human Resources,24,1,Life Sciences,4,Male,57,2,5,Research Scientist,4,Divorced,4352,23313,3,No,12,4,1,0,39,0,3,20,8,7,6
20,No,Travel_Frequently,472,Human Resources,13,4,Life Sciences,3,Male,39,4,5,Sales Executive,2,Divorced,3065,20319,3,No,14,3,2,0,18,2,3,1,11,11,5
48,No,Travel_Rarely,1225,Research & Development,28,3,Marketing,2,Male,74,2,4,Manager,1,Married,10425,17017,2,No,22,3,4,1,24,6,1,20,0,12,12
57,Yes,Travel_Frequently,156,Sales,4,1,Life Sciences,3,Male,94,2,1,Human Resources,1,Divorced,8235,25356,8,No,20,3,1,2,2,2,3,14,17,8,9
54,No,Travel_Rarely,1320,Sales,25,3,Human Resources,2,Male,96,4,1,Laboratory Technician,4,Divorced,1895,23030,1,No,13,3,1,0,35,5,1,10,11,10,14
53,No,Travel_Rarely,525,Sales,22,4,Technical Degree,1,Male,38,4,3,Manager,2,Married,9593,8938,0,No,14,3,3,3,33,4,1,9,1,2,2
41,Yes,Travel_Rarely,416,Sales,5,3,Human Resources,2,Male,34,2,2,Laboratory Technician,2,Single,19839,21504,9,Yes,16,4,2,2,10,1,3,17,0,6,17
48,No,Travel_Rarely,1253,Research & Development,19,1,Other,4,Female,39,4,4,Sales Executive,1,Single,12539,24667,2,No,17,3,3,0,26,5,3,22,0,12,13
23,No,Travel_Rarely,133,Human Resources,5,1,Life Sciences,1,Male,41,3,2,Healthcare Representative,2,Married,4600,6059,3,No,15,3,4,2,1,2,1,30,0,14,2
19,No,Travel_Rarely,194,Research & Development,21,3,Marketing,4,Male,87,1,4,Manufacturing Director,2,Married,19574,9278,3,No,12,3,1,3,5,0,3,25,11,4,10
37,Yes,Travel_Rarely,620,Sales,14,2,Other,3,Male,50,1,5,Sales Representative,4,Divorced,17747,23957,5,Yes,13,3,2,1,1,1,2,1,6,2,9
45,Yes,Travel_Rarely,1383,Sales,28,4,Marketing,2,Male,50,3,3,Manager,1,Married,3640,7474,0,No,20,4,3,0,16,3,1,38,3,4,16
28,No,Travel_Frequently,954,Sales,28,4,Other,1,Male,94,3,5,Sales Representative,2,Married,18914,19624,0,No,21,3,2,3,39,0,4,6,3,15,12
21,No,Travel_Rarely,1345,Sales,4,3,Technical Degree,2,Male,32,2,2,Healthcare Representative,4,Divorced,12379,22804,1,Yes,13,3,4,0,13,1,1,23,14,9,1
32,No,Travel_Rarely,853,Sales,12,2,Human Resources,4,Female,98,2,3,Manufacturing Director,3,Divorced,19730,17379,3,No,24,3,1,0,9,2,3,38,0,6,12
23,Yes,Travel_Rarely,1231,Sales,6,1,Medical,1,Male,93,1,4,Sales Representative,1,Single,18021,2205,6,Yes,15,3,2,1,32,5,3,31,5,6,4
47,No,Travel_Rarely,517,Research & Development,19,5,Human Resources,4,Female,78,2,4,Sales Representative,4,Single,3688,18237,5,Yes,22,3,4,1,11,3,1,25,13,8,15
55,No,Travel_Rarely,658,Human Resources,10,5,Life Sciences,1,Female,46,1,3,Manager,3,Married,5431,19070,8,No,21,3,4,2,31,3,1,22,13,7,9
19,No,Non-Travel,1434,Research & Development,1,3,Medical,3,Female,61,2,5,Research Director,2,Married,8472,9507,6,No,22,3,1,3,23,6,4,13,9,3,11
32,No,Travel_Rarely,467,Research & Development,23,2,Marketing,3,Male,99,2,3,Manufacturing Director,2,Married,10622,16820,4,No,15,3,3,3,13,0,4,28,6,14,12
28,No,Non-Travel,700,Research & Development,23,2,Technical Degree,2,Female,50,1,5,Healthcare Representative,3,Married,18519,26657,5,No,14,3,1,1,4,5,1,24,11,4,15
25,No,Non-Travel,1495,Sales,28,4,Technical Degree,4,Male,36,3,3,Manufacturing Director,4,Divorced,2789,19716,9,Yes,18,3,1,0,4,3,3,30,18,4,0
43,No,Travel_Rarely,432,Sales,16,1,Marketing,4,Male,36,3,5,Sales Executive,2,Married,10433,8077,8,No,16,3,2,2,31,1,1,1,8,9,8
22,No,Travel_Rarely,790,Research & Development,4,2,Life Sciences,1,Female,56,2,1,Research Director,2,Divorced,7580,21272,0,No,16,3,2,1,32,6,2,1,2,11,15
23,Yes,Travel_Rarely,112,Sales,9,5,Marketing,3,Female,37,3,3,Sales Executive,4,Single,1834,12415,8,Yes,11,3,3,2,3,6,2,22,3,1,14
43,No,Travel_Rarely,919,Research & Development,28,1,Other,2,Male,57,2,5,Healthcare Representative,4,Married,12164,13155,5,No,16,3,4,2,29,4,3,10,12,11,17
21,No,Travel_Rarely,520,Research & Development,18,1,Life Sciences,3,Male,95,4,2,Manager,3,Single,3404,5692,3,No,13,3,2,3,40,2,1,28,9,6,11
36,No,Travel_Rarely,1247,Sales,29,3,Medical,4,Male,76,4,2,Manager,2,Divorced,5154,22281,4,No,23,3,3,2,16,0,1,34,13,6,13
37,No,Travel_Rarely,1012,Sales,17,2,Marketing,2,Male,39,4,3,Healthcare Representative,4,Single,16788,3620,0,No,16,3,1,3,2,5,2,8,5,8,2
50,No,Travel_Rarely,1360,Research & Development,15,3,Life Sciences,3,Male,62,3,3,Laboratory Technician,1,Married,6501,10003,6,Yes,20,3,4,0,12,4,1,31,7,12,3
37,No,Travel_Rarely,1456,Sales,19,2,Medical,3,Female,36,3,4,Healthcare Representative,3,Single,8120,4063,7,No,23,3,1,0,35,4,3,29,18,8,5
29,No,Non-Travel,449,Sales,7,4,Marketing,1,Female,32,1,5,Research Director,3,Single,14096,11237,4,Yes,21,3,4,1,17,0,3,14,9,3,15
18,No,Travel_Rarely,1059,Research & Development,25,3,Technical Degree,1,Female,43,3,3,Research Scientist,3,Married,10993,19980,1,No,23,3,2,0,22,1,4,13,4,4,12
43,No,Travel_Rarely,513,Research & Development,18,3,Marketing,4,Male,73,2,2,Manager,3,Married,7801,22945,7,No,16,3,1,3,34,5,3,16,4,6,11
31,No,Travel_Rarely,1349,Sales,6,5,Human Resources,3,Female,75,1,2,Human Resources,1,Single,8720,13622,9,Yes,12,3,1,2,32,2,1,21,4,9,11
55,No,Travel_Frequently,254,Research & Development,19,3,Marketing,1,Female,90,3,2,Research Director,3,Married,2574,24885,6,No,11,3,4,2,35,0,1,29,8,14,1
54,No,Travel_Rarely,1337,Research & Development,21,2,Human Resources,3,Female,65,1,5,Research Director,3,Married,4676,10395,9,No,21,3,3,0,16,5,2,16,8,6,12
28,Yes,Travel_Rarely,193,Research & Development,12,5,Medical,2,Male,42,3,1,Research Director,4,Married,7468,4448,8,No,25,3,4,3,38,4,2,15,14,10,2
53,No,Travel_Rarely,432,Research & Development,25,3,Marketing,3,Male,45,2,3,Sales Representative,2,Single,5105,7413,3,No,13,3,2,2,33,4,3,7,8,9,12
30,No,Non-Travel,1056,Research & Development,3,3,Medical,3,Male,34,4,1,Research Director,3,Married,2028,2319,8,Yes,15,3,3,0,11,0,4,38,13,10,1
60,No,Travel_Rarely,1071,Research & Development,1,4,Medical,4,Male,67,4,5,Manager,4,Single,10485,16614,3,No,25,3,1,3,4,5,1,30,5,7,8
20,No,Travel_Rarely,655,Human Resources,5,3,Life Sciences,2,Female,79,2,3,Research Scientist,4,Married,9263,5105,2,No,25,4,1,3,39,4,4,11,7,7,0
50,No,Travel_Rarely,1031,Sales,1,1,Medical,2,Female,67,1,4,Research Scientist,2,Single,12593,6220,2,No,14,3,1,2,26,0,1,32,1,1,12
23,No,Travel_Rarely,1353,Research & Development,8,5,Medical,1,Male,85,4,3,Research Director,4,Married,6974,2707,9,Yes,17,3,2,1,39,6,3,11,4,11,1
27,No,Travel_Rarely,295,Sales,7,1,Marketing,2,Male,92,3,3,Sales Executive,4,Single,12473,16176,1,No,14,3,1,1,12,0,3,24,16,8,14
22,No,Non-Travel,631,Sales,15,5,Marketing,4,Male,77,3,3,Manager,3,Divorced,19662,18576,9,Yes,18,3,1,3,25,2,2,37,9,15,15
40,No,Travel_Rarely,946,Sales,11,4,Technical Degree,1,Male,88,1,3,Manager,3,Single,13448,7552,2,Yes,17,3,3,3,13,0,4,17,13,10,10
27,Yes,Travel_Rarely,1368,Human Resources,18,3,Life Sciences,3,Male,73,1,3,Manufacturing Director,4,Single,5730,11096,7,No,20,3,2,0,31,6,2,18,17,3,14
19,No,Travel_Frequently,1401,Human Resources,14,3,Medical,2,Female,84,2,5,Laboratory Technician,1,Single,9417,24394,7,Yes,19,3,1,3,10,5,3,2,0,0,5
30,No,Travel_Rarely,740,Sales,27,3,Life Sciences,3,Male,84,4,3,Laboratory Technician,2,Divorced,1204,21815,1,Yes,11,4,3,0,37,5,4,34,1,0,13
57,No,Travel_Rarely,579,Sales,9,5,Human Resources,1,Female,30,1,5,Sales Executive,4,Married,4282,4793,1,No,25,3,1,0,15,4,1,4,3,4,5
19,No,Travel_Rarely,581,Research & Development,5,3,Medical,2,Male,37,4,3,Laboratory Technician,4,Married,16339,24395,1,No,15,3,3,0,21,3,2,34,12,6,4
37,No,Travel_Rarely,389,Research & Development,23,1,Life Sciences,1,Male,33,4,3,Manufacturing Director,1,Divorced,11895,9611,9,No,23,3,1,3,15,2,3,26,15,4,10
18,Yes,Travel_Rarely,799,Sales,4,3,Technical Degree,1,Male,82,3,5,Healthcare Representative,2,Divorced,4221,3113,6,No,14,3,2,3,12,5,1,36,4,14,3
54,No,Travel_Frequently,796,Research & Development,12,4,Technical Degree,2,Female,87,1,3,Laboratory Technician,4,Married,3764,21503,5,No,16,4,4,0,11,4,3,20,9,12,8
26,No,Travel_Rarely,641,Research & Development,29,1,Medical,2,Male,66,2,2,Manager,4,Single,18914,17997,0,No,11,3,2,2,17,4,1,15,16,2,8
34,No,Non-Travel,431,Human Resources,1,3,Human Resources,1,Female,78,1,3,Healthcare Representative,3,Divorced,2089,22006,1,Yes,16,3,3,3,28,2,2,27,10,10,16
26,No,Non-Travel,571,Sales,24,3,Technical Degree,4,Male,96,4,4,Laboratory Technician,4,Single,16510,22364,0,No,11,3,1,1,17,2,1,24,4,6,7
28,No,Travel_Rarely,950,Research & Development,13,2,Technical Degree,2,Female,48,3,5,Manager,1,Married,18114,24709,6,Yes,24,3,2,2,1,4,4,32,14,15,14
32,No,Travel_Rarely,635,Research & Development,1,5,Human Resources,1,Female,30,1,3,Manager,4,Married,15056,23660,5,No,24,3,1,1,1,6,1,16,3,0,8
41,No,Travel_Rarely,568,Research & Development,3,1,Life Sciences,3,Male,58,1,3,Research Director,2,Married,18955,15792,1,No,11,3,2,3,2,3,3,29,6,10,4
55,Yes,Travel_Rarely,1078,Research & Development,22,2,Technical Degree,3,Female,62,1,5,Research Scientist,2,Married,1648,18244,1,Yes,18,3,3,2,28,6,1,40,9,0,3
52,No,Travel_Rarely,521,Research & Development,8,4,Marketing,2,Male,81,2,1,Sales Executive,1,Married,13511,7672,1,No,12,3,4,3,7,1,2,3,3,11,17
47,No,Travel_Rarely,1247,Sales,24,5,Other,2,Female,70,2,2,Manufacturing Director,4,Divorced,6199,8823,7,No,20,3,2,3,10,6,3,1,4,1,8
48,No,Non-Travel,863,Research & Development,18,1,Other,3,Male,52,2,2,Sales Representative,4,Single,4745,9055,6,Yes,23,3,1,2,11,4,3,8,4,0,2
22,No,Travel_Rarely,1107,Research & Development,25,3,Technical Degree,1,Male,34,2,3,Laboratory Technician,4,Single,17482,13265,0,Yes,24,3,1,3,31,2,3,30,10,8,8
31,No,Travel_Frequently,992,Sales,16,1,Life Sciences,1,Female,86,3,5,Laboratory Technician,4,Married,2260,16041,3,No,16,3,1,2,3,0,3,24,18,3,8
28,No,Travel_Rarely,409,Research & Development,20,3,Life Sciences,1,Female,35,3,4,Healthcare Representative,4,Divorced,10303,24491,3,Yes,24,3,3,3,8,0,4,36,4,6,3
26,Yes,Travel_Rarely,1025,Sales,20,5,Medical,4,Male,78,2,3,Healthcare Representative,2,Single,17741,19274,6,Yes,16,3,3,0,23,2,3,35,7,4,6
51,Yes,Travel_Rarely,435,Sales,16,3,Marketing,2,Female,51,4,2,Laboratory Technician,3,Single,5061,4051,1,No,16,3,4,1,15,6,3,4,6,13,6
29,Yes,Non-Travel,1055,Research & Development,2,4,Life Sciences,4,Male,33,2,3,Human Resources,2,Single,1280,21544,3,No,18,4,1,0,16,2,3,23,7,15,7
52,No,Travel_Rarely,1451,Research & Development,17,3,Human Resources,4,Male,93,2,5,Manufacturing Director,3,Single,19423,15394,0,No,14,3,4,3,21,1,2,23,12,6,0
52,No,Travel_Rarely,1123,Research & Development,10,4,Marketing,4,Female,66,4,4,Laboratory Technician,2,Divorced,12707,21158,3,No,13,3,1,3,6,5,2,28,4,12,8
18,No,Travel_Rarely,890,Sales,7,5,Other,4,Male,60,1,1,Research Scientist,1,Married,16898,6535,0,No,16,3,2,3,9,2,3,30,17,12,11
57,No,Travel_Rarely,933,Research & Development,27,5,Marketing,1,Male,66,4,4,Human Resources,4,Married,10666,15105,1,No,14,3,2,0,28,0,4,36,8,15,5
39,No,Travel_Rarely,945,Sales,10,1,Human Resources,2,Female,74,4,3,Manufacturing Director,3,Married,10396,21426,1,No,12,3,2,3,35,3,1,18,1,14,12
46,No,Travel_Rarely,351,Research & Development,19,4,Technical Degree,2,Male,37,3,2,Laboratory Technician,2,Divorced,17385,22209,9,No,16,3,1,2,23,2,4,22,15,6,4
25,No,Travel_Rarely,1220,Human Resources,20,4,Human Resources,4,Female,69,1,5,Sales Representative,3,Single,12288,3195,2,Yes,20,3,2,1,13,1,3,34,13,15,0
28,No,Travel_Rarely,1421,Research & Development,27,2,Human Resources,2,Male,34,4,3,Research Director,4,Married,13024,23962,7,No,15,3,1,3,13,3,3,5,16,0,17
58,No,Travel_Rarely,285,Research & Development,9,2,Technical Degree,3,Male,57,2,1,Research Scientist,1,Married,8050,11323,5,Yes,21,3,4,3,24,1,4,5,5,0,7
54,No,Travel_Rarely,1385,Sales,22,2,Technical Degree,1,Male,38,4,5,Sales Representative,4,Single,18519,22709,5,No,19,3,3,1,21,3,3,36,2,10,7
31,Yes,Non-Travel,900,Research & Development,17,3,Technical Degree,2,Female,31,3,5,Healthcare Representative,2,Married,9717,15709,8,Yes,21,4,2,1,22,2,1,29,16,2,14
47,No,Travel_Rarely,287,Research & Development,9,2,Technical Degree,1,Female,92,4,5,Healthcare Representative,2,Single,11866,16826,7,No,16,3,1,1,31,0,2,0,12,9,9
52,No,Travel_Rarely,1194,Research & Development,9,4,Technical Degree,3,Male,80,2,3,Laboratory Technician,3,Single,10502,14460,1,No,24,3,1,0,25,3,1,7,5,1,15
38,No,Non-Travel,939,Research & Development,5,3,Human Resources,1,Male,60,1,1,Healthcare Representative,1,Single,9061,12064,5,No,13,3,4,0,26,4,1,27,7,13,10
54,Yes,Travel_Rarely,728,Sales,24,5,Medical,3,Female,36,3,3,Research Scientist,1,Married,18004,15086,0,Yes,21,3,4,3,11,5,1,24,5,6,11
22,Yes,Travel_Rarely,960,Sales,7,1,Medical,4,Male,59,1,5,Manufacturing Director,2,Single,18142,3075,8,Yes,15,3,3,1,18,1,4,32,15,2,15
36,No,Travel_Rarely,109,Research & Development,11,2,Life Sciences,2,Female,87,3,5,Manager,3,Divorced,14589,23648,3,No,25,3,4,3,18,3,4,37,5,6,15
31,Yes,Travel_Rarely,1390,Sales,8,5,Medical,4,Male,32,2,2,Sales Executive,4,Single,19249,18224,3,Yes,20,3,3,3,33,1,1,13,16,8,2
43,No,Travel_Rarely,884,Sales,25,4,Other,2,Female,80,3,4,Manufacturing Director,4,Divorced,18919,20909,8,No,18,3,3,3,31,0,4,10,2,11,8
21,No,Non-Travel,876,Human Resources,14,1,Medical,4,Male,85,1,3,Manager,2,Divorced,11225,10660,2,No,19,3,4,0,28,1,3,1,11,10,7
42,No,Travel_Frequently,1108,Research & Development,2,5,Human Resources,3,Female,39,1,1,Human Resources,2,Divorced,7238,8443,4,No,18,4,3,1,20,1,2,29,5,0,9
59,No,Non-Travel,1496,Research & Development,10,1,Technical Degree,2,Female,90,4,5,Research Scientist,4,Divorced,14352,22375,0,No,25,4,2,3,34,4,4,29,6,14,12
42,No,Travel_Rarely,778,Research & Development,21,2,Technical Degree,4,Male,79,1,3,Sales Representative,4,Single,3107,12822,5,No,13,3,3,0,4,1,4,3,10,15,17
35,Yes,Travel_Frequently,1208,Research & Development,24,4,Human Resources,1,Male,76,4,4,Manager,4,Married,16447,9642,2,Yes,19,3,1,2,11,3,1,12,8,2,12
57,No,Travel_Rarely,312,Sales,16,1,Other,1,Female,30,1,3,Research Scientist,3,Married,8874,20469,0,No,13,3,1,2,6,1,2,6,15,12,12
25,No,Travel_Rarely,1438,Sales,16,5,Medical,4,Female,86,4,4,Research Director,1,Single,17566,21406,9,No,18,3,1,3,40,2,3,37,4,10,14
56,No,Travel_Rarely,1462,Sales,19,2,Human Resources,3,Male,67,2,3,Sales Representative,2,Single,13220,23908,5,Yes,20,3,4,3,1,1,3,2,14,14,12
57,No,Non-Travel,591,Research & Development,27,2,Life Sciences,4,Male,91,4,2,Healthcare Representative,2,Divorced,1509,5540,9,Yes,19,3,1,1,24,2,2,8,3,14,15
31,No,Travel_Rarely,740,Research & Development,11,5,Technical Degree,1,Female,99,1,3,Healthcare Representative,3,Married,4655,25253,1,No,17,4,4,1,9,5,3,13,4,5,7
49,No,Travel_Rarely,292,Research & Development,6,5,Marketing,2,Male,94,2,2,Sales Representative,4,Married,19756,23639,7,Yes,14,3,1,3,37,1,2,10,6,14,9
55,No,Travel_Rarely,772,Research & Development,6,1,Life Sciences,2,Female,91,3,4,Human Resources,3,Divorced,11057,14914,1,Yes,20,3,3,0,5,6,1,36,2,12,11
50,No,Non-Travel,944,Research & Development,7,3,Other,4,Male,85,1,5,Human Resources,4,Married,12353,21047,3,No,25,3,4,3,26,5,3,13,3,8,13
40,Yes,Travel_Rarely,436,Sales,16,2,Life Sciences,2,Female,96,4,5,Human Resources,2,Married,19289,4966,2,Yes,19,3,1,1,34,6,3,18,14,4,5
32,No,Travel_Rarely,1212,Research & Development,13,1,Human Resources,1,Female,46,3,3,Manager,1,Divorced,10919,11462,8,Yes,13,3,3,1,9,1,2,7,1,2,8
50,No,Non-Travel,680,Sales,27,5,Medical,2,Female,37,4,1,Manager,3,Single,2787,3429,1,No,25,3,4,0,8,3,3,6,4,7,6
42,No,Travel_Rarely,163,Sales,3,1,Technical Degree,4,Male,89,3,3,Laboratory Technician,4,Married,13993,7507,2,No,13,3,3,3,19,6,4,6,6,12,5
34,No,Travel_Rarely,488,Sales,24,5,Other,4,Female,69,2,2,Sales Executive,2,Divorced,6199,18590,6,No,12,3,3,1,36,2,1,2,16,13,0
50,No,Travel_Rarely,1271,Research & Development,24,4,Other,4,Male,91,1,2,Sales Representative,1,Divorced,16313,22250,3,Yes,20,3,3,3,34,5,3,2,7,11,13
19,No,Non-Travel,254,Research & Development,9,5,Marketing,1,Male,70,2,4,Manufacturing Director,3,Divorced,8006,15517,5,No,25,3,4,1,36,5,3,17,8,4,5
31,No,Non-Travel,720,Sales,24,5,Life Sciences,3,Male,41,1,3,Sales Executive,3,Married,13029,7388,2,No,13,3,4,2,39,2,3,32,9,14,11
57,Yes,Travel_Rarely,799,Sales,3,5,Marketing,2,Male,83,3,4,Research Director,2,Divorced,5756,12131,0,Yes,11,3,2,2,7,4,2,36,10,5,16
57,No,Non-Travel,1474,Research & Development,6,3,Medical,4,Female,40,2,1,Manager,3,Single,10295,4081,5,No,25,4,2,2,30,1,1,27,0,12,4
56,No,Non-Travel,279,Sales,25,5,Medical,3,Male,89,1,5,Manager,2,Single,1054,6923,3,No,14,4,2,1,15,1,1,35,14,1,10
23,No,Travel_Rarely,948,Research & Development,17,2,Marketing,4,Female,97,3,5,Research Scientist,3,Married,8767,20463,1,Yes,18,3,2,0,27,3,3,15,7,3,4
23,No,Travel_Rarely,588,Research & Development,3,2,Technical Degree,4,Female,75,2,3,Sales Executive,1,Married,1464,13528,6,No,15,3,4,2,5,4,3,14,18,0,11
20,No,Travel_Rarely,1372,Research & Development,2,1,Medical,1,Female,67,2,4,Research Scientist,1,Single,10863,23569,9,No,12,3,2,1,31,4,2,28,11,14,2
24,No,Travel_Rarely,1379,Research & Development,12,3,Marketing,1,Male,90,2,4,Manufacturing Director,3,Married,18358,16642,4,No,13,3,1,3,27,6,1,17,5,13,8
25,No,Travel_Rarely,601,Sales,24,1,Life Sciences,3,Male,46,2,1,Research Scientist,2,Single,2537,18730,5,No,11,3,2,2,10,3,4,18,9,12,5
59,Yes,Travel_Rarely,642,Research & Development,6,2,Marketing,4,Female,95,4,4,Sales Executive,4,Married,3985,26793,5,Yes,12,3,1,0,22,5,3,28,4,15,1
32,No,Travel_Frequently,1477,Research & Development,10,2,Marketing,2,Male,65,3,2,Sales Representative,3,Divorced,14297,11522,8,Yes,11,3,1,0,29,2,4,5,6,3,1
46,No,Travel_Rarely,114,Research & Development,11,4,Human Resources,2,Male,36,4,2,Research Director,4,Married,7396,19101,1,No,12,3,3,0,8,5,4,26,6,0,11
50,Yes,Travel_Rarely,252,Sales,16,5,Medical,2,Male,45,3,2,Manager,2,Single,3530,5250,5,No,13,3,3,3,27,0,1,6,8,3,7
47,No,Non-Travel,1175,Research & Development,27,2,Technical Degree,3,Male,43,3,3,Manufacturing Director,4,Married,7534,13422,8,No,11,3,3,3,23,3,4,26,14,13,1
56,No,Travel_Rarely,1340,Research & Development,16,1,Technical Degree,1,Female,54,3,2,Manager,3,Married,2135,5483,3,No,21,3,2,0,27,2,3,18,5,1,8
44,No,Travel_Rarely,1092,Sales,24,1,Human Resources,3,Male,33,1,2,Laboratory Technician,1,Married,14357,21895,5,Yes,19,3,4,0,23,5,3,16,15,5,15
53,No,Non-Travel,745,Research & Development,18,5,Other,1,Male,58,3,5,Research Director,2,Married,8725,11552,6,No,20,3,1,0,14,5,2,40,6,5,14
46,No,Travel_Rarely,473,Research & Development,27,5,Technical Degree,2,Male,85,2,3,Research Scientist,1,Married,17111,5039,0,No,15,4,4,3,38,4,1,10,14,7,13
55,Yes,Non-Travel,1238,Research & Development,22,4,Marketing,2,Male,35,4,2,Healthcare Representative,1,Divorced,4413,11446,4,No,18,3,4,3,32,3,1,4,1,8,3
50,No,Travel_Rarely,353,Sales,23,3,Human Resources,1,Male,30,2,1,Sales Executive,1,Single,5501,12580,3,No,15,3,2,1,33,0,4,1,7,15,3
54,No,Travel_Frequently,1466,Research & Development,24,1,Life Sciences,2,Male,68,2,2,Manager,3,Married,3352,10726,9,Yes,18,3,4,2,21,1,3,11,11,7,10
44,Yes,Travel_Rarely,154,Human Resources,9,5,Medical,3,Male,30,4,3,Research Scientist,2,Married,1115,4186,1,Yes,17,4,4,3,28,3,3,10,10,0,17
50,No,Non-Travel,1255,Research & Development,21,1,Medical,1,Female,92,2,4,Manufacturing Director,4,Married,16204,21183,1,No,22,4,3,0,33,0,2,9,5,12,4
21,No,Travel_Rarely,294,Sales,27,5,Medical,2,Male,86,1,5,Manager,1,Single,14250,5853,1,Yes,14,3,3,2,9,0,4,27,12,2,1
39,Yes,Non-Travel,692,Research & Development,19,2,Marketing,4,Male,96,2,5,Research Director,4,Single,13584,7206,6,No,25,4,1,3,29,3,3,6,15,5,14
19,No,Travel_Rarely,1182,Sales,2,1,Life Sciences,2,Male,94,2,3,Research Director,2,Single,5810,19031,3,No,17,3,1,2,10,2,1,13,7,0,10
27,No,Travel_Rarely,198,Human Resources,24,2,Human Resources,4,Male,94,4,2,Manager,2,Divorced,6589,6998,5,No,16,3,3,1,33,3,2,12,16,7,16
22,Yes,Travel_Frequently,299,Research & Development,1,1,Human Resources,2,Female,50,2,1,Manufacturing Director,4,Married,17607,15352,6,Yes,13,3,2,3,20,5,1,4,12,13,15
27,No,Travel_Rarely,248,Sales,26,3,Medical,4,Male,59,4,2,Research Director,4,Married,6409,3206,8,Yes,19,3,2,0,12,6,2,7,3,5,14
50,No,Travel_Rarely,1420,Research & Development,16,4,Life Sciences,2,Male,62,3,2,Research Director,1,Divorced,7884,4871,1,No,22,3,1,0,24,4,1,0,9,15,2
55,No,Travel_Rarely,824,Sales,22,2,Life Sciences,4,Male,77,3,1,Sales Executive,4,Single,9665,25575,9,Yes,20,4,3,1,20,5,4,4,15,0,14
30,No,Travel_Rarely,785,Human Resources,18,5,Life Sciences,1,Female,51,1,5,Manufacturing Director,4,Divorced,7256,17681,8,No,25,3,2,1,0,0,3,10,16,9,12
48,No,Travel_Rarely,1137,Human Resources,3,3,Technical Degree,1,Male,83,4,2,Manufacturing Director,3,Married,7186,12119,4,No,23,3,4,1,4,0,1,9,7,1,15
53,No,Travel_Rarely,434,Research & Development,24,1,Technical Degree,4,Female,33,4,4,Sales Representative,1,Married,8278,3408,5,No,19,3,1,1,21,1,4,14,10,5,11
41,No,Travel_Rarely,1345,Sales,1,2,Medical,2,Male,84,4,4,Sales Representative,1,Divorced,15983,21971,5,No,24,3,1,1,6,0,1,38,4,9,16
32,No,Travel_Rarely,1467,Research & Development,6,1,Life Sciences,3,Female,73,1,3,Research Director,2,Divorced,15046,15656,2,No,15,3,4,3,12,6,4,28,15,13,15
46,No,Non-Travel,613,Sales,19,1,Other,3,Female,41,1,3,Healthcare Representative,4,Divorced,19765,13398,9,No,18,3,4,3,22,1,2,24,7,7,8
25,No,Travel_Rarely,273,Sales,22,1,Life Sciences,3,Male,81,2,1,Sales Representative,3,Single,17176,26768,6,No,17,3,1,2,20,0,4,5,15,4,5
22,No,Travel_Rarely,1291,Research & Development,19,4,Human Resources,3,Male,94,4,1,Research Director,2,Divorced,11389,25951,6,No,19,3,4,1,5,0,1,10,3,0,12
46,No,Non-Travel,1295,Sales,11,4,Human Resources,4,Male,94,1,3,Human Resources,3,Divorced,7626,9109,7,No,17,3,2,0,19,3,3,16,5,13,7
21,No,Travel_Frequently,665,Research & Development,27,5,Medical,1,Male,39,3,2,Laboratory Technician,1,Married,1312,14211,4,No,14,3,1,0,11,3,2,14,7,9,11
29,No,Travel_Rarely,613,Human Resources,8,2,Other,1,Male,47,3,5,Laboratory Technician,4,Single,13692,7804,1,Yes,14,3,2,1,39,4,2,15,8,1,8
19,No,Travel_Rarely,1314,Sales,5,3,Life Sciences,3,Male,76,4,4,Manufacturing Director,3,Single,17726,14682,2,No,21,3,1,1,8,5,4,1,12,3,3
44,No,Travel_Rarely,1245,Sales,20,3,Other,1,Male,95,3,1,Healthcare Representative,2,Divorced,12034,19700,8,No,18,3,2,1,27,2,1,35,16,3,12
48,No,Travel_Rarely,206,Human Resources,9,3,Medical,4,Male,78,2,3,Sales Executive,1,Married,19724,23061,5,No,16,3,3,1,10,4,4,18,8,6,1
53,No,Travel_Frequently,775,Sales,15,1,Human Resources,3,Male,51,2,4,Sales Representative,3,Married,5570,23998,7,No,19,3,2,1,31,0,2,37,12,1,2
53,No,Travel_Rarely,908,Research & Development,21,4,Human Resources,4,Male,55,4,1,Human Resources,3,Single,1088,26350,7,Yes,24,3,4,0,10,4,3,20,8,6,4
43,No,Travel_Rarely,1166,Human Resources,28,2,Technical Degree,4,Male,38,1,1,Research Director,2,Single,4772,17530,4,No,20,4,3,2,23,3,4,10,5,6,17
60,Yes,Travel_Rarely,990,Human Resources,14,1,Medical,2,Female,50,1,2,Healthcare Representative,3,Married,11178,23909,0,No,24,3,1,1,14,5,1,40,9,6,13
44,No,Travel_Rarely,977,Research & Development,4,4,Medical,4,Male,92,1,1,Manufacturing Director,1,Married,18125,17290,5,Yes,17,3,2,1,40,0,4,2,4,12,1
22,No,Travel_Rarely,778,Sales,24,4,Life Sciences,2,Female,35,1,5,Sales Representative,3,Divorced,4985,20183,6,No,17,3,1,1,34,0,4,33,6,2,14
37,No,Travel_Frequently,422,Sales,24,2,Life Sciences,3,Male,43,4,1,Healthcare Representative,4,Married,18777,18995,8,Yes,14,4,3,3,16,4,4,17,10,5,7
28,No,Non-Travel,436,Research & Development,8,2,Technical Degree,4,Male,62,2,5,Sales Representative,4,Divorced,3133,19698,1,No,13,3,4,0,24,5,3,14,8,11,15
27,Yes,Travel_Rarely,1285,Research & Development,20,2,Marketing,1,Male,53,4,2,Sales Executive,2,Single,7661,4600,1,Yes,18,3,4,0,34,6,1,24,9,5,2
57,Yes,Non-Travel,365,Research & Development,29,1,Other,3,Male,80,4,5,Sales Executive,4,Single,6292,22803,9,No,17,3,4,2,18,1,1,14,10,3,4
55,No,Travel_Rarely,966,Sales,17,5,Marketing,4,Female,31,3,4,Laboratory Technician,4,Married,8185,14166,0,Yes,14,3,1,3,40,6,2,29,2,0,3
23,Yes,Travel_Rarely,453,Sales,2,2,Marketing,4,Female,44,2,1,Research Scientist,3,Single,19685,18230,4,Yes,23,3,4,3,30,2,2,16,7,8,11
25,No,Travel_Rarely,1335,Sales,20,5,Medical,1,Male,64,1,3,Research Scientist,1,Single,13418,16437,1,No,14,4,4,3,16,5,4,17,16,1,14
40,No,Travel_Rarely,777,Research & Development,16,1,Other,2,Female,65,2,3,Sales Representative,1,Divorced,13328,7573,2,No,11,3,1,2,22,4,2,30,6,8,12
43,No,Travel_Rarely,1020,Research & Development,10,5,Medical,4,Male,68,3,5,Research Scientist,3,Married,2006,12528,1,Yes,21,3,1,2,0,6,1,17,11,7,4
60,No,Travel_Rarely,106,Human Resources,2,3,Other,4,Female,33,4,2,Manufacturing Director,4,Single,12010,25914,3,No,17,3,3,2,9,4,4,34,15,0,11
29,No,Non-Travel,135,Research & Development,11,5,Human Resources,1,Female,93,2,5,Research Scientist,3,Single,5673,5184,2,Yes,11,3,4,3,7,2,2,12,14,10,1
43,No,Travel_Rarely,1270,Sales,10,2,Medical,3,Male,35,3,5,Manager,4,Single,19750,8591,8,No,20,3,3,0,25,0,3,13,12,6,6
30,No,Travel_Rarely,452,Research & Development,19,1,Medical,4,Male,86,4,5,Research Director,4,Divorced,19072,23646,9,No,20,3,2,3,33,0,2,35,17,12,4
57,No,Travel_Rarely,684,Research & Development,25,2,Medical,2,Male,59,1,4,Manufacturing Director,4,Single,14126,16785,1,No,14,3,2,2,18,1,3,17,17,9,10
35,No,Non-Travel,566,Research & Development,25,3,Technical Degree,2,Female,96,2,4,Healthcare Representative,1,Married,12240,9087,6,Yes,21,3,2,3,13,4,2,4,4,2,17
42,No,Travel_Rarely,449,Research & Development,14,2,Medical,1,Male,44,1,5,Manufacturing Director,2,Married,8449,3067,2,No,24,3,2,1,7,2,1,13,13,15,17
50,No,Travel_Rarely,226,Research & Development,11,2,Life Sciences,2,Female,46,1,2,Laboratory Technician,1,Single,12227,23755,9,No,13,3,1,3,0,4,2,24,10,9,6
57,No,Travel_Rarely,1396,Research & Development,9,2,Life Sciences,4,Female,47,3,1,Healthcare Representative,4,Single,16617,10351,7,Yes,21,3,3,3,24,3,3,38,2,12,9
60,No,Travel_Rarely,458,Sales,7,4,Other,2,Male,48,3,3,Human Resources,3,Single,5099,8186,3,Yes,13,3,3,0,23,4,3,11,16,9,13
29,No,Travel_Rarely,628,Sales,15,3,Human Resources,4,Male,98,4,4,Research Director,3,Single,8480,5000,3,Yes,22,4,1,0,19,4,2,39,11,13,10
53,No,Travel_Frequently,599,Research & Development,20,2,Technical Degree,1,Female,53,1,1,Research Director,4,Single,4752,2664,8,Yes,11,3,2,0,29,3,4,27,2,13,1
21,No,Travel_Rarely,1278,Sales,17,2,Other,2,Male,77,3,4,Research Director,2,Single,11205,14178,2,Yes,14,4,3,1,4,3,3,34,1,13,12
22,Yes,Travel_Frequently,154,Sales,3,2,Life Sciences,4,Female,59,3,4,Research Director,1,Divorced,8017,2401,6,Yes,24,3,4,0,2,6,1,0,3,8,12
54,No,Travel_Rarely,250,Sales,15,1,Technical Degree,3,Male,44,1,4,Sales Representative,1,Single,4333,5836,0,No,11,3,1,1,31,2,2,2,17,4,8
25,No,Travel_Rarely,604,Research & Development,14,4,Technical Degree,4,Male,76,4,5,Research Director,4,Married,9641,11068,6,No,24,3,1,2,16,6,3,6,13,10,16
59,No,Travel_Rarely,971,Sales,8,1,Human Resources,4,Male,73,1,5,Research Director,4,Divorced,1235,2859,9,No,23,4,4,0,4,0,2,8,7,2,14
45,No,Travel_Rarely,320,Research & Development,4,4,Technical Degree,1,Female,56,4,4,Research Director,2,Married,15872,11058,1,Yes,23,3,2,3,10,1,2,35,1,7,15
48,No,Travel_Frequently,1402,Human Resources,26,2,Medical,4,Male,93,4,4,Sales Representative,1,Single,17036,26292,5,No,18,3,2,3,37,6,4,22,18,11,9
26,No,Travel_Rarely,553,Sales,10,3,Technical Degree,1,Female,70,3,3,Sales Executive,2,Single,19794,9829,8,No,25,3,3,1,3,3,2,23,9,2,11
46,No,Travel_Rarely,184,Sales,2,5,Human Resources,4,Male,97,1,1,Manufacturing Director,1,Married,5727,18296,5,No,25,3,4,0,38,0,2,9,4,6,4
31,Yes,Travel_Rarely,1343,Sales,14,5,Other,4,Female,34,1,1,Manufacturing Director,2,Married,18417,16525,2,No,11,4,3,3,18,2,2,11,10,13,16
57,Yes,Travel_Rarely,839,Research & Development,8,2,Human Resources,4,Male,82,3,2,Healthcare Representative,2,Married,6681,13471,0,No,22,3,2,2,38,5,1,18,8,6,9
58,No,Travel_Rarely,628,Sales,23,1,Human Resources,1,Male,37,2,2,Manager,2,Single,16271,15368,3,Yes,24,3,3,0,22,4,2,31,15,15,5
39,No,Non-Travel,505,Research & Development,27,3,Life Sciences,4,Female,51,2,2,Manufacturing Director,3,Divorced,18263,16391,3,No,16,4,4,2,16,2,1,23,4,6,5
28,No,Non-Travel,391,Sales,10,4,Medical,1,Male,36,1,5,Research Scientist,3,Single,4208,10130,7,Yes,17,3,4,3,12,2,2,21,14,13,11
40,No,Travel_Rarely,521,Research & Development,25,2,Life Sciences,3,Male,51,3,5,Manager,3,Married,19138,9690,9,No,25,3,4,0,26,3,4,2,13,11,1
18,No,Travel_Rarely,440,Research & Development,18,3,Other,1,Male,75,4,3,Research Director,1,Married,6279,19017,9,No,20,3,2,1,0,1,4,39,8,0,12
54,No,Travel_Rarely,878,Research & Development,15,3,Marketing,3,Female,59,4,5,Research Director,2,Single,13759,26463,6,No,24,3,1,3,1,6,3,26,4,10,10
38,No,Travel_Rarely,812,Human Resources,5,4,Other,1,Female,45,1,2,Sales Representative,4,Married,8906,4143,9,No,22,3,1,2,17,3,2,18,14,4,14
43,No,Travel_Rarely,1088,Sales,22,3,Medical,1,Male,34,3,4,Manager,4,Married,9673,21761,6,No,12,3,1,0,35,4,4,8,8,11,12
53,No,Non-Travel,1060,Research & Development,13,1,Technical Degree,4,Male,96,1,2,Research Scientist,1,Divorced,15901,6769,6,No,14,3,3,2,32,3,4,12,3,10,2
40,No,Non-Travel,1332,Sales,18,1,Human Resources,2,Female,52,1,3,Sales Representative,1,Divorced,9280,3757,1,Yes,21,3,4,2,35,4,2,1,3,0,13
18,No,Travel_Rarely,787,Research & Development,2,1,Marketing,2,Male,90,3,4,Healthcare Representative,4,Married,6167,8570,8,No,24,4,2,1,1,3,3,35,6,6,7
57,No,Travel_Rarely,1390,Research & Development,13,3,Medical,4,Female,34,1,5,Manager,2,Married,13853,14122,5,No,13,3,1,1,3,5,1,28,14,12,8
32,No,Non-Travel,1161,Research & Development,14,1,Life Sciences,3,Male,52,4,4,Research Director,3,Single,1598,21917,1,No,23,3,1,3,15,1,4,10,16,12,14
38,No,Travel_Rarely,474,Sales,10,4,Human Resources,4,Female,54,2,3,Research Director,1,Married,10561,17171,0,No,23,3,3,1,3,5,4,33,17,7,17
26,No,Travel_Rarely,1384,Sales,4,3,Other,2,Female,37,4,5,Laboratory Technician,1,Single,17276,9237,0,No,19,3,3,1,8,0,1,3,6,6,7
26,No,Travel_Frequently,1095,Research & Development,15,5,Life Sciences,1,Female,50,2,1,Sales Representative,1,Married,19277,21725,0,No,24,3,1,3,20,1,4,3,18,0,10
27,No,Travel_Rarely,632,Research & Development,8,3,Medical,4,Female,31,3,2,Sales Executive,4,Married,17168,21978,3,No,17,3,4,3,22,6,1,0,9,2,4
43,No,Non-Travel,1025,Sales,15,4,Medical,3,Male,51,1,2,Sales Executive,3,Married,15272,4004,3,No,12,3,4,3,1,3,1,24,12,14,14
58,No,Travel_Rarely,124,Research & Development,14,5,Other,4,Male,97,2,3,Sales Representative,2,Married,6408,2826,8,No,21,3,3,3,2,2,3,25,1,9,14
52,No,Travel_Rarely,205,Sales,29,3,Marketing,2,Male,93,3,3,Human Resources,2,Divorced,9512,21991,0,No,22,3,3,2,22,0,1,10,10,15,6
42,No,Travel_Rarely,342,Research & Development,27,1,Other,1,Female,48,3,2,Sales Representative,4,Married,2085,6703,2,No,16,3,4,2,25,2,1,22,4,2,17
43,No,Travel_Rarely,1106,Research & Development,21,2,Technical Degree,2,Female,82,3,4,Healthcare Representative,1,Divorced,8244,13228,2,No,19,3,3,3,6,5,1,1,5,14,11
28,No,Travel_Rarely,1004,Research & Development,9,2,Life Sciences,2,Female,81,4,1,Research Director,4,Married,17426,6550,7,Yes,22,3,3,3,35,6,1,18,2,6,11
55,No,Non-Travel,1378,Sales,20,1,Marketing,2,Male,76,4,1,Research Scientist,4,Married,2850,16606,1,Yes,13,3,4,0,32,1,4,28,0,3,3
19,Yes,Travel_Rarely,1267,Research & Development,3,2,Human Resources,2,Male,83,2,3,Human Resources,2,Married,5490,5429,5,No,24,3,4,0,35,6,1,39,2,11,10
24,No,Travel_Rarely,915,Sales,26,2,Technical Degree,1,Male,73,2,3,Manager,3,Single,2143,17639,3,No,25,3,2,0,3,0,4,3,2,2,5
35,No,Travel_Rarely,756,Human Resources,15,1,Marketing,2,Female,36,4,4,Human Resources,2,Divorced,14148,14908,9,No,21,3,3,1,22,5,2,15,3,15,9
44,No,Travel_Frequently,884,Sales,24,1,Life Sciences,3,Male,30,2,3,Research Scientist,4,Married,8780,26646,5,No,16,3,3,2,24,3,2,36,6,5,14
51,No,Travel_Rarely,408,Research & Development,17,3,Medical,3,Male,92,2,1,Laboratory Technician,4,Divorced,9576,9150,4,No,24,3,2,2,40,2,1,26,14,11,0
44,No,Travel_Frequently,109,Human Resources,25,3,Human Resources,2,Female,68,1,2,Research Director,1,Married,9924,4847,8,No,13,3,3,0,25,3,3,4,10,9,16
34,No,Travel_Rarely,1194,Research & Development,16,1,Other,3,Male,48,2,1,Sales Executive,1,Divorced,14907,3466,8,No,13,3,3,0,27,4,3,14,17,5,2
60,No,Travel_Rarely,676,Research & Development,4,4,Life Sciences,2,Male,60,3,4,Sales Representative,4,Divorced,2922,16328,0,Yes,14,3,1,2,27,6,4,22,11,9,10
41,No,Travel_Rarely,1193,Research & Development,11,2,Technical Degree,1,Male,53,1,2,Sales Representative,2,Married,5306,11730,2,No,19,3,1,1,20,0,4,2,3,4,17
42,Yes,Travel_Rarely,1013,Human Resources,25,3,Technical Degree,1,Female,98,2,2,Sales Executive,1,Single,2951,5470,0,Yes,21,3,1,0,9,2,2,17,10,11,9
24,Yes,Travel_Rarely,619,Research & Development,8,2,Medical,3,Male,94,1,1,Human Resources,3,Married,18724,10575,5,No,23,4,2,3,26,1,4,25,5,14,8
23,No,Travel_Rarely,1244,Research & Development,3,5,Medical,3,Female,62,3,2,Research Director,3,Married,1346,12351,2,Yes,18,3,3,0,14,1,3,5,18,5,6
41,Yes,Non-Travel,1156,Research & Development,19,1,Human Resources,2,Male,88,2,2,Manufacturing Director,4,Single,15265,18541,0,No,11,3,2,2,16,1,2,16,17,2,10
50,No,Travel_Rarely,584,Research & Development,14,4,Other,4,Female,62,1,3,Healthcare Representative,3,Divorced,11066,22423,5,No,23,3,2,2,38,5,1,37,14,13,7
46,No,Travel_Rarely,308,Research & Development,9,5,Human Resources,2,Male,61,2,2,Research Scientist,3,Married,9992,18807,4,No,22,4,3,0,34,1,4,26,2,14,1
60,No,Travel_Rarely,770,Research & Development,3,5,Medical,2,Male,88,1,4,Human Resources,1,Divorced,17292,6952,7,No,21,3,4,0,4,2,1,19,16,12,4
39,No,Travel_Rarely,680,Sales,4,5,Medical,1,Female,70,1,2,Manager,1,Divorced,4709,20441,1,Yes,11,3,4,3,15,6,4,5,0,9,8
43,No,Travel_Frequently,488,Sales,25,1,Technical Degree,4,Female,41,3,3,Laboratory Technician,2,Married,13154,21566,7,No,17,4,3,3,22,6,3,34,1,4,0
45,No,Travel_Rarely,513,Sales,28,3,Medical,4,Male,40,3,5,Sales Representative,1,Divorced,7127,18618,4,No,13,3,4,1,38,6,4,11,18,8,16
38,No,Travel_Frequently,1495,Sales,4,1,Marketing,2,Female,48,2,5,Human Resources,2,Married,3682,15713,7,No,24,3,1,1,8,5,3,2,8,3,9
24,No,Non-Travel,1478,Sales,11,3,Life Sciences,1,Male,83,4,4,Laboratory Technician,1,Divorced,3131,6633,9,No,21,4,3,3,32,4,3,3,7,10,7
34,No,Travel_Rarely,1461,Research & Development,19,5,Medical,3,Female,86,2,4,Research Scientist,4,Married,12986,20951,3,No,17,3,2,1,34,1,1,3,11,1,17
37,No,Travel_Rarely,992,Sales,16,5,Human Resources,1,Female,71,1,2,Sales Representative,2,Married,9259,7688,3,No,19,3,1,1,39,6,4,3,14,4,9
58,No,Travel_Rarely,1007,Research & Development,23,4,Other,3,Male,60,3,2,Sales Representative,4,Married,19455,5997,9,No,13,3,2,0,23,1,1,38,6,2,8
37,No,Travel_Rarely,1414,Sales,22,3,Other,1,Female,81,3,5,Manufacturing Director,2,Married,18647,7458,3,No,13,3,4,3,23,5,3,20,15,11,3
39,No,Travel_Rarely,1064,Sales,17,5,Other,4,Male,31,1,5,Human Resources,3,Married,4697,2543,5,No,12,3,3,0,23,1,3,1,6,14,1
45,No,Non-Travel,1066,Research & Development,10,2,Marketing,1,Male,67,4,1,Research Director,2,Married,4757,22924,3,No,20,3,1,0,18,4,3,15,11,2,9
57,No,Travel_Rarely,241,Research & Development,24,4,Human Resources,2,Female,61,3,5,Sales Executive,2,Single,7351,23172,8,No,11,3,3,1,38,5,3,6,16,3,16
24,Yes,Travel_Rarely,401,Sales,17,1,Marketing,3,Female,39,4,5,Sales Executive,2,Divorced,17284,6900,8,No,19,3,1,0,24,5,2,18,10,11,2
18,No,Non-Travel,1138,Research & Development,16,4,Medical,1,Male,37,3,4,Healthcare Representative,2,Married,14674,2963,2,No,16,3,1,2,30,0,3,32,3,3,14
49,No,Travel_Rarely,765,Research & Development,20,2,Life Sciences,1,Male,49,1,1,Manager,2,Married,5139,8173,6,No,16,3,1,1,37,5,4,8,18,4,17
30,No,Travel_Rarely,926,Sales,22,3,Other,3,Male,49,2,1,Laboratory Technician,3,Married,4038,9401,4,No,18,3,3,2,24,1,3,36,1,6,16
47,No,Travel_Rarely,501,Sales,6,1,Human Resources,1,Female,38,2,2,Human Resources,2,Married,14191,5753,8,No,21,3,1,1,26,5,2,16,1,3,9
40,No,Travel_Rarely,1093,Human Resources,7,1,Other,3,Male,44,4,2,Manager,4,Divorced,5044,5696,1,No,15,3,1,0,31,1,4,26,16,10,13
36,No,Non-Travel,1234,Research & Development,14,3,Marketing,4,Male,92,2,1,Manufacturing Director,2,Married,16136,10678,2,Yes,19,3,3,1,10,1,2,32,8,6,17
49,No,Travel_Rarely,1481,Research & Development,11,4,Technical Degree,3,Male,50,1,1,Sales Representative,2,Single,3908,20926,9,No,25,4,2,2,4,6,2,11,0,8,10
47,No,Travel_Frequently,250,Research & Development,12,5,Medical,3,Male,34,2,2,Research Director,4,Married,10647,16479,4,No,21,3,4,1,32,5,4,10,9,2,10
46,Yes,Travel_Rarely,408,Sales,14,4,Life Sciences,4,Male,64,4,4,Human Resources,1,Married,14231,13077,4,Yes,15,3,3,2,18,0,2,12,14,4,11
46,No,Travel_Rarely,1185,Research & Development,5,2,Medical,1,Male,97,1,4,Manager,1,Divorced,18305,26070,9,No,12,3,3,3,15,1,3,30,14,3,7
47,No,Travel_Rarely,536,Sales,5,5,Technical Degree,1,Male,77,1,4,Manager,3,Married,5251,21431,6,No,16,3,1,0,34,6,1,12,1,15,15
33,No,Travel_Rarely,122,Research & Development,20,4,Life Sciences,4,Male,91,3,4,Research Director,2,Divorced,19104,7225,7,Yes,25,3,3,2,10,0,1,37,13,14,7
57,No,Travel_Frequently,976,Research & Development,22,3,Technical Degree,2,Female,64,3,2,Healthcare Representative,2,Married,2448,3452,7,No,19,3,3,3,10,0,1,25,3,8,13
36,No,Travel_Rarely,483,Research & Development,23,2,Medical,3,Male,99,2,3,Laboratory Technician,1,Divorced,6622,26697,0,Yes,13,3,4,0,9,5,4,30,17,4,17
35,No,Travel_Rarely,346,Sales,26,2,Marketing,1,Female,50,4,5,Laboratory Technician,2,Single,6384,18865,0,No,20,3,3,3,33,3,4,21,8,9,3
18,No,Travel_Rarely,1198,Sales,15,2,Medical,1,Female,68,1,5,Manager,3,Divorced,9886,15697,2,No,14,3,1,2,4,6,4,5,1,1,16
31,No,Travel_Frequently,1201,Research & Development,26,5,Medical,3,Female,63,2,5,Research Scientist,4,Divorced,3475,18340,0,No,20,3,4,0,22,3,1,19,1,15,12
19,No,Non-Travel,799,Research & Development,1,1,Medical,3,Female,44,2,5,Manager,2,Divorced,8833,19310,0,No,21,3,3,3,24,1,1,20,17,15,4
45,No,Travel_Rarely,691,Research & Development,25,5,Human Resources,3,Male,35,3,2,Manager,4,Single,13338,10535,9,Yes,18,3,1,2,28,2,4,9,16,9,2
47,No,Travel_Rarely,491,Sales,24,4,Technical Degree,2,Male,95,2,3,Research Director,3,Single,12639,12313,7,Yes,16,4,4,3,39,3,1,18,8,0,8
55,No,Travel_Rarely,1467,Research & Development,23,1,Technical Degree,4,Male,85,2,2,Sales Representative,1,Married,18358,11814,0,No,23,3,3,0,12,6,2,34,7,6,17
21,Yes,Travel_Rarely,1415,Sales,9,4,Other,2,Male,78,3,3,Research Director,3,Single,15212,22671,8,Yes,17,3,1,0,31,5,2,25,1,10,15
18,No,Travel_Rarely,669,Human Resources,3,1,Technical Degree,2,Female,30,2,2,Human Resources,3,Single,7937,20316,1,No,17,3,4,0,33,6,1,6,1,0,0
25,No,Travel_Rarely,1456,Sales,26,5,Other,3,Female,94,2,1,Manager,3,Single,10120,11646,8,No,14,3,1,2,11,5,4,36,4,7,4
46,No,Travel_Rarely,360,Research & Development,4,2,Human Resources,4,Female,57,1,3,Laboratory Technician,3,Married,9129,13395,6,No,25,3,4,3,23,3,3,7,11,14,14
56,No,Travel_Frequently,527,Sales,16,3,Marketing,1,Male,49,2,5,Laboratory Technician,4,Married,12073,11609,8,No,22,4,3,3,39,2,3,4,15,8,11
20,No,Travel_Rarely,1131,Human Resources,7,2,Other,3,Female,77,3,3,Sales Executive,3,Single,18901,2985,2,No,16,4,2,2,20,4,1,35,13,6,0
49,No,Travel_Rarely,107,Research & Development,22,5,Medical,4,Male,94,3,4,Healthcare Representative,3,Single,10413,24066,0,No,22,3,4,0,28,1,3,27,1,8,13
27,Yes,Travel_Rarely,292,Sales,14,1,Marketing,1,Male,80,1,3,Manufacturing Director,3,Married,1880,19783,0,Yes,19,3,3,1,22,6,4,2,7,9,17
27,No,Travel_Rarely,249,Sales,16,2,Human Resources,2,Male,72,3,4,Human Resources,3,Married,13591,17179,9,No,13,3,4,0,32,4,2,38,3,5,17
36,No,Travel_Rarely,506,Sales,29,5,Technical Degree,4,Female,78,3,4,Human Resources,4,Single,1872,23761,5,No,18,4,2,1,7,4,2,7,8,14,5
51,No,Travel_Rarely,359,Sales,18,4,Other,2,Male,54,3,1,Healthcare Representative,3,Married,15892,23026,6,No,17,3,1,0,12,0,4,14,18,14,0
50,No,Travel_Rarely,831,Human Resources,16,3,Medical,2,Female,70,2,3,Manufacturing Director,1,Divorced,13154,6286,8,No,14,3,2,2,4,0,3,26,1,6,16
40,No,Travel_Rarely,191,Research & Development,16,2,Life Sciences,4,Female,93,1,1,Sales Representative,3,Divorced,4064,18222,5,No,20,4,2,1,40,1,1,35,15,2,17
45,Yes,Travel_Rarely,925,Research & Development,2,1,Life Sciences,1,Female,90,4,5,Manager,3,Divorced,13195,24930,4,No,23,3,1,2,9,2,2,15,10,13,14
49,Yes,Non-Travel,111,Research & Development,10,4,Marketing,4,Male,41,1,3,Manufacturing Director,2,Divorced,3691,26931,1,Yes,13,3,2,1,13,0,3,25,7,13,11
24,Yes,Travel_Rarely,1212,Research & Development,7,5,Technical Degree,1,Female,98,1,2,Research Scientist,2,Married,13891,20818,1,Yes,24,4,3,3,23,6,3,3,11,8,12
46,No,Travel_Rarely,939,Sales,25,3,Life Sciences,3,Female,43,1,2,Sales Executive,2,Married,6287,20271,7,No,17,3,4,1,10,6,2,11,2,2,1
25,No,Travel_Rarely,1276,Sales,27,1,Marketing,3,Male,63,4,2,Manufacturing Director,3,Married,14814,24872,0,Yes,20,3,2,1,2,3,2,16,12,5,3
18,No,Travel_Frequently,1089,Research & Development,15,5,Human Resources,3,Male,77,4,4,Manufacturing Director,1,Married,18006,12456,7,No,19,3,4,1,28,6,1,40,1,3,2
20,Yes,Travel_Frequently,726,Human Resources,28,5,Marketing,2,Male,90,3,2,Sales Executive,1,Single,2881,18802,9,Yes,22,3,4,3,29,1,4,25,12,8,7
41,No,Travel_Rarely,131,Sales,9,2,Marketing,3,Male,64,2,5,Manager,2,Married,12355,11271,6,Yes,20,4,1,2,36,5,3,30,7,0,11
40,Yes,Travel_Rarely,229,Sales,7,2,Marketing,2,Male,94,3,3,Manufacturing Director,2,Married,8732,26326,6,No,13,4,2,3,6,4,1,14,14,8,11
25,No,Non-Travel,1203,Research & Development,27,1,Medical,1,Female,88,3,3,Sales Executive,3,Single,14880,26592,4,Yes,25,3,1,1,16,6,2,33,8,11,9
54,No,Travel_Rarely,522,Human Resources,24,5,Marketing,4,Male,65,4,4,Sales Executive,1,Divorced,16955,8738,2,No,20,3,1,0,19,1,4,28,10,15,0
20,Yes,Travel_Rarely,1180,Sales,16,2,Other,4,Male,48,3,4,Sales Executive,1,Single,8198,6876,6,Yes,19,3,4,3,10,5,4,8,2,3,4
50,No,Travel_Frequently,406,Research & Development,26,3,Marketing,2,Female,71,3,4,Research Director,2,Single,13761,12146,6,No,23,3,3,0,24,5,3,13,6,9,10
45,No,Travel_Rarely,647,Research & Development,3,3,Medical,2,Male,98,4,5,Research Director,1,Single,12574,21615,6,No,18,3,4,3,23,0,4,35,13,15,8
25,Yes,Travel_Rarely,1230,Sales,17,5,Medical,2,Female,48,1,3,Research Scientist,2,Married,7951,5992,1,No,22,3,1,3,1,5,2,3,14,4,13
51,No,Travel_Rarely,1297,Sales,23,2,Human Resources,1,Male,68,1,1,Sales Representative,2,Single,15739,19313,2,No,13,3,2,1,26,2,2,37,8,10,2
52,Yes,Travel_Rarely,123,Research & Development,8,1,Technical Degree,1,Male,98,4,4,Research Director,4,Divorced,12392,6248,2,Yes,25,3,3,2,18,5,2,36,10,12,4
49,No,Travel_Rarely,1412,Human Resources,2,1,Life Sciences,3,Male,81,2,2,Research Director,4,Married,1253,4872,3,No,18,4,3,2,28,5,1,23,6,0,8
41,Yes,Travel_Rarely,492,Sales,25,1,Life Sciences,3,Male,41,3,1,Sales Representative,3,Married,1029,15903,8,No,22,3,2,1,36,4,2,16,11,13,17
31,No,Travel_Rarely,718,Research & Development,20,3,Marketing,4,Male,76,1,1,Healthcare Representative,2,Married,14926,8503,9,No,14,3,2,3,10,2,1,12,18,0,5
49,No,Travel_Rarely,250,Research & Development,26,2,Human Resources,3,Female,65,4,4,Sales Executive,3,Married,14730,14617,0,Yes,16,3,3,2,18,1,2,19,17,5,6
60,No,Travel_Rarely,1397,Research & Development,27,2,Marketing,1,Male,92,2,2,Human Resources,4,Divorced,6776,6407,6,Yes,22,3,1,2,27,2,2,16,12,9,15
33,No,Travel_Rarely,400,Research & Development,25,3,Life Sciences,1,Female,80,3,4,Sales Representative,1,Married,11256,24124,6,Yes,20,3,3,2,38,2,4,26,10,14,7
21,No,Non-Travel,273,Research & Development,29,1,Medical,1,Male,72,4,4,Research Scientist,4,Married,4524,9702,3,Yes,12,3,3,1,20,1,3,32,0,12,9
54,Yes,Travel_Rarely,148,Research & Development,3,1,Technical Degree,1,Male,63,4,2,Manager,4,Divorced,2919,22199,0,Yes,18,3,3,0,25,4,2,20,5,14,4
38,No,Travel_Rarely,727,Research & Development,8,5,Human Resources,4,Female,78,4,1,Research Scientist,4,Divorced,11759,15811,2,No,23,3,1,0,21,6,4,16,1,14,10
31,Yes,Travel_Rarely,308,Research & Development,27,4,Medical,4,Male,47,3,1,Sales Executive,1,Married,9085,26389,4,No,19,3,2,0,5,5,4,21,12,0,12
48,No,Non-Travel,554,Research & Development,2,2,Technical Degree,1,Female,90,1,2,Sales Representative,4,Single,19015,13958,1,No,17,3,2,0,10,2,3,24,12,12,1
35,No,Travel_Rarely,1026,Research & Development,19,2,Human Resources,2,Female,86,3,1,Research Scientist,2,Married,16060,13308,6,Yes,18,3,2,0,13,2,4,2,18,15,13
24,No,Non-Travel,855,Sales,17,2,Human Resources,3,Female,34,3,5,Research Scientist,2,Married,5323,14970,9,No,17,3,1,2,35,6,4,26,8,15,8
27,Yes,Non-Travel,1426,Research & Development,5,4,Life Sciences,4,Male,53,1,4,Healthcare Representative,4,Married,3462,20149,9,No,21,3,1,2,39,1,3,26,18,1,9
24,No,Travel_Rarely,809,Research & Development,20,5,Medical,2,Male,93,4,5,Healthcare Representative,3,Divorced,3024,3010,6,No,20,3,2,3,40,3,1,11,0,12,9
50,No,Travel_Rarely,1110,Sales,29,4,Human Resources,3,Female,88,2,5,Sales Representative,3,Married,11245,24066,9,No,14,3,4,2,1,6,3,14,7,13,9
40,No,Travel_Rarely,777,Research & Development,17,1,Other,2,Female,67,2,5,Sales Executive,1,Divorced,3809,11419,4,No,11,3,4,1,19,2,3,37,13,2,10
38,No,Travel_Rarely,1301,Research & Development,10,1,Human Resources,1,Male,62,1,3,Research Director,1,Single,10032,24974,9,No,13,3,2,3,21,0,2,19,15,6,10
36,Yes,Non-Travel,956,Sales,9,2,Technical Degree,3,Male,39,1,3,Laboratory Technician,2,Single,12893,20314,5,No,17,3,4,2,38,5,2,21,3,15,2
36,No,Travel_Rarely,884,Research & Development,22,3,Life Sciences,2,Male,66,4,5,Manufacturing Director,2,Single,17361,20616,0,No,21,3,4,3,3,5,1,1,17,1,0
53,No,Travel_Rarely,1235,Sales,6,2,Marketing,4,Male,40,2,4,Human Resources,4,Divorced,13891,6101,3,No,21,3,2,3,28,6,3,3,13,4,11
46,No,Non-Travel,785,Sales,11,3,Life Sciences,4,Male,53,2,5,Manufacturing Director,3,Divorced,11355,20383,3,No,17,3,2,0,23,4,3,12,8,8,14
35,Yes,Travel_Rarely,1064,Research & Development,2,4,Marketing,4,Male,50,4,5,Healthcare Representative,2,Married,15044,22467,7,Yes,21,3,1,3,0,6,1,31,14,11,13
19,No,Travel_Rarely,965,Sales,23,1,Medical,3,Female,49,1,3,Sales Representative,3,Married,17117,5579,1,No,23,3,4,2,23,2,2,21,2,11,2
18,No,Travel_Rarely,1327,Research & Development,12,3,Medical,1,Female,39,1,5,Manufacturing Director,1,Married,3862,23275,0,No,13,3,4,0,29,1,3,24,3,9,12
22,No,Travel_Rarely,269,Research & Development,12,4,Human Resources,1,Female,76,4,4,Sales Executive,1,Divorced,19629,21210,6,No,11,3,2,2,11,0,1,26,17,7,17
37,No,Travel_Rarely,187,Research & Development,16,1,Other,3,Male,76,1,4,Human Resources,4,Divorced,5185,26192,5,Yes,20,3,3,0,18,6,2,16,13,11,15
28,No,Travel_Rarely,950,Research & Development,25,3,Medical,3,Male,44,3,5,Manufacturing Director,4,Married,3164,13055,4,No,19,3,2,2,36,1,4,5,14,7,5
59,No,Travel_Rarely,1176,Sales,22,2,Human Resources,1,Female,73,1,4,Human Resources,2,Married,7838,19799,7,Yes,22,3,1,0,39,6,1,15,7,10,9
19,No,Travel_Rarely,1237,Research & Development,27,2,Life Sciences,4,Female,91,3,5,Manager,3,Single,2895,14002,1,No,16,3,3,0,3,2,1,7,9,1,16
20,No,Travel_Rarely,543,Sales,24,2,Medical,1,Female,35,2,3,Sales Executive,2,Married,7480,5448,1,Yes,23,3,3,1,14,0,3,32,11,0,16
40,No,Non-Travel,372,Research & Development,12,4,Life Sciences,1,Female,95,2,5,Laboratory Technician,2,Married,13598,15603,8,No,23,3,3,2,19,4,4,9,8,8,7
29,No,Travel_Frequently,445,Human Resources,21,2,Life Sciences,2,Male,33,1,1,Research Scientist,3,Single,9400,9195,0,Yes,22,3,1,3,19,4,2,33,7,9,3
37,No,Non-Travel,1308,Sales,18,5,Other,4,Female,52,4,3,Human Resources,2,Divorced,14359,6837,5,Yes,17,4,4,0,20,6,4,18,16,11,14
22,Yes,Travel_Frequently,604,Research & Development,13,1,Medical,3,Male,42,1,4,Sales Executive,4,Married,8908,11045,2,Yes,11,3,2,2,9,4,3,13,8,3,0
54,No,Non-Travel,1135,Research & Development,15,4,Life Sciences,1,Male,60,4,4,Human Resources,3,Divorced,1315,9108,4,No,11,3,1,0,29,3,3,2,12,8,6
55,No,Travel_Rarely,595,Research & Development,16,2,Other,4,Female,45,2,3,Human Resources,3,Single,4084,5506,7,No,14,3,1,1,23,1,2,40,13,10,9
47,No,Travel_Rarely,1359,Research & Development,4,1,Other,3,Male,70,2,1,Research Director,2,Married,19049,26303,6,Yes,17,3,3,1,39,2,2,22,4,13,6
26,No,Travel_Rarely,1423,Sales,12,3,Medical,2,Male,30,2,3,Research Director,3,Married,8253,19835,3,No,24,3,3,1,39,0,2,39,8,11,0
51,No,Non-Travel,345,Research & Development,17,2,Other,2,Male,41,4,2,Sales Executive,4,Single,7620,21959,7,Yes,21,3,1,1,37,6,3,10,15,10,16
52,No,Travel_Rarely,1476,Sales,1,1,Medical,4,Male,85,4,1,Research Director,4,Married,15143,11234,9,No,25,4,4,3,2,6,2,5,18,6,11
39,No,Travel_Rarely,368,Research & Development,22,5,Medical,1,Female,79,2,3,Laboratory Technician,1,Single,19157,12365,1,Yes,21,3,3,3,28,5,2,33,6,11,16
41,No,Travel_Rarely,994,Human Resources,18,3,Marketing,3,Male,49,1,2,Sales Representative,1,Single,1284,20244,6,No,18,3,1,0,7,5,2,0,11,5,14
34,Yes,Travel_Rarely,302,Research & Development,22,5,Life Sciences,4,Male,95,4,5,Sales Executive,1,Single,6280,10313,4,No,20,3,3,2,28,1,1,34,1,9,15
27,No,Travel_Rarely,340,Research & Development,16,1,Technical Degree,2,Male,65,3,1,Sales Executive,1,Single,8340,9257,5,No,19,3,2,1,9,2,2,24,17,12,13
47,Yes,Non-Travel,1459,Sales,1,5,Medical,3,Male,67,2,5,Healthcare Representative,2,Married,12562,4564,2,No,11,3,2,1,4,3,3,28,17,8,2
40,Yes,Travel_Rarely,1016,Research & Development,27,1,Life Sciences,3,Male,51,4,2,Healthcare Representative,1,Single,12582,12824,9,No,14,3,2,3,10,2,1,22,15,9,11
49,No,Travel_Rarely,1070,Research & Development,10,1,Other,1,Female,90,2,4,Research Director,1,Married,11081,18637,6,Yes,14,3,3,3,3,1,3,17,10,3,17
34,No,Non-Travel,585,Sales,19,5,Human Resources,2,Male,79,3,4,Sales Representative,1,Married,17026,21370,6,No,13,4,3,1,34,2,4,13,1,13,13
34,No,Travel_Rarely,347,Research & Development,16,1,Medical,2,Female,88,1,4,Research Director,1,Married,19237,23804,1,No,17,3,4,2,39,5,1,16,13,0,8
31,No,Travel_Rarely,1133,Sales,14,2,Other,2,Female,49,3,5,Manager,2,Divorced,17464,6207,0,No,11,3,2,0,11,5,2,1,3,4,2
26,No,Non-Travel,253,Research & Development,25,1,Other,3,Female,65,1,1,Manager,1,Married,8395,15508,9,No,19,3,4,0,20,0,1,30,6,12,11
57,No,Non-Travel,312,Research & Development,2,4,Other,2,Male,44,1,5,Research Scientist,3,Married,7871,9843,1,No,23,3,1,0,15,3,3,18,1,5,16
19,No,Travel_Rarely,468,Research & Development,24,1,Other,4,Male,91,4,5,Manager,4,Single,8349,26276,7,No,18,4,1,0,13,5,1,31,13,5,4
42,No,Non-Travel,1045,Sales,6,4,Other,2,Female,32,1,4,Healthcare Representative,3,Married,10496,14008,9,No,12,3,2,2,20,0,4,27,6,11,7
56,Yes,Travel_Rarely,187,Research & Development,28,1,Medical,3,Male,34,1,5,Laboratory Technician,2,Divorced,16070,17101,2,No,12,3,4,2,26,3,2,40,8,0,3
26,Yes,Travel_Rarely,1180,Research & Development,22,1,Technical Degree,2,Female,85,1,2,Manager,2,Married,8644,14017,3,No,18,3,3,2,35,5,2,7,7,14,14
39,No,Non-Travel,547,Human Resources,23,5,Marketing,2,Female,60,2,3,Research Director,2,Single,15613,23477,7,No,21,3,4,3,0,3,4,40,8,6,14
60,No,Travel_Rarely,721,Research & Development,5,2,Other,3,Female,64,4,3,Human Resources,4,Married,18436,15136,2,No,24,3,1,1,0,2,3,39,6,7,13
21,No,Travel_Rarely,405,Sales,12,2,Other,2,Female,99,4,3,Sales Executive,1,Married,4051,20048,5,No,25,3,4,2,21,0,1,38,18,11,15
43,Yes,Travel_Rarely,233,Research & Development,27,3,Marketing,1,Male,55,1,4,Laboratory Technician,2,Married,18207,15275,1,No,11,3,1,0,14,3,3,21,16,4,9
46,Yes,Travel_Rarely,1005,Research & Development,4,5,Medical,3,Male,30,2,4,Laboratory Technician,1,Married,11395,14224,2,No,23,3,1,2,19,6,3,23,12,1,13
51,No,Non-Travel,1089,Research & Development,22,5,Life Sciences,2,Female,36,1,3,Research Director,2,Single,12701,5499,0,Yes,17,3,4,1,2,3,3,37,10,1,10
40,No,Travel_Rarely,1323,Research & Development,24,2,Human Resources,1,Male,65,4,1,Sales Executive,4,Divorced,16234,12956,8,No,19,3,3,3,13,2,2,1,17,10,1
54,No,Travel_Rarely,148,Research & Development,4,5,Human Resources,4,Male,54,4,3,Healthcare Representative,3,Single,17702,24005,3,No,22,3,1,0,8,5,1,40,16,4,2
28,No,Travel_Rarely,858,Research & Development,5,2,Life Sciences,3,Female,88,4,5,Laboratory Technician,3,Single,7670,17343,5,Yes,25,3,4,3,18,5,2,40,15,6,3
23,No,Travel_Rarely,1328,Research & Development,7,5,Medical,2,Male,90,4,3,Research Scientist,4,Married,11262,15033,6,No,13,3,1,2,39,6,2,18,9,6,10
35,No,Travel_Rarely,1386,Sales,6,1,Human Resources,3,Female,58,2,3,Research Director,1,Single,19270,16061,1,Yes,17,3,2,0,33,1,2,40,3,12,12
38,Yes,Travel_Rarely,791,Sales,13,2,Marketing,1,Female,47,3,1,Laboratory Technician,2,Single,19879,7942,7,Yes,16,3,3,0,3,1,1,1,3,3,17
59,No,Travel_Rarely,1149,Sales,4,2,Life Sciences,3,Male,70,3,4,Sales Representative,3,Single,12946,8911,8,No,25,3,2,2,32,5,4,27,10,10,17
53,No,Travel_Rarely,788,Sales,13,4,Technical Degree,4,Female,48,2,4,Sales Executive,4,Married,1803,20105,9,No,17,3,1,2,36,6,2,31,7,15,11
58,No,Travel_Rarely,887,Research & Development,4,5,Medical,2,Female,33,1,5,Manager,1,Divorced,15607,8237,1,Yes,17,3,3,1,1,4,2,18,8,13,0
55,No,Non-Travel,441,Research & Development,10,5,Life Sciences,4,Female,94,4,3,Laboratory Technician,3,Divorced,7795,16603,4,No,20,3,4,2,26,4,2,15,15,2,5
51,No,Travel_Rarely,513,Research & Development,20,2,Human Resources,1,Male,70,4,2,Research Director,4,Married,5023,12152,1,No,11,3,4,2,16,6,1,29,9,8,2
34,Yes,Travel_Rarely,1386,Research & Development,1,1,Medical,3,Male,44,4,5,Manager,2,Single,8401,10490,4,No,24,4,3,2,30,3,1,21,8,11,16
54,No,Travel_Rarely,387,Human Resources,21,1,Marketing,2,Female,83,2,4,Research Scientist,4,Married,13554,25036,6,Yes,13,3,2,0,40,5,3,13,2,13,2
42,Yes,Travel_Rarely,1211,Research & Development,8,1,Medical,2,Male,93,2,1,Manager,1,Married,6362,13865,5,No,20,3,2,1,5,1,2,0,1,13,0
55,No,Travel_Rarely,951,Research & Development,7,5,Medical,1,Male,44,4,4,Sales Representative,3,Married,4416,7366,3,No,11,3,3,0,30,3,2,1,8,6,2
29,No,Travel_Rarely,531,Research & Development,5,4,Marketing,1,Female,79,4,4,Healthcare Representative,2,Single,18367,13460,1,No,15,4,4,2,2,0,1,21,12,1,3
40,Yes,Non-Travel,132,Research & Development,3,2,Other,3,Male,51,1,1,Laboratory Technician,1,Single,17062,26359,6,Yes,13,3,3,1,39,6,1,32,5,0,5
59,No,Travel_Rarely,704,Sales,15,3,Marketing,2,Male,47,3,3,Manufacturing Director,4,Married,14198,17518,9,No,11,3,2,2,2,6,2,14,3,10,6
39,No,Travel_Rarely,541,Research & Development,27,4,Medical,1,Male,31,2,3,Manufacturing Director,3,Married,12222,15522,8,No,12,3,1,0,32,1,4,40,13,1,7
38,No,Non-Travel,1086,Human Resources,17,3,Marketing,2,Male,65,3,4,Manager,3,Divorced,8257,18118,0,No,20,3,4,0,12,1,3,21,10,12,12
44,No,Travel_Rarely,1474,Research & Development,29,4,Other,3,Female,49,4,5,Sales Executive,1,Single,5378,5841,2,No,15,3,3,2,20,1,3,39,1,11,3
48,Yes,Travel_Frequently,513,Sales,23,1,Life Sciences,4,Male,45,3,2,Manufacturing Director,2,Single,9059,11391,6,No,21,3,1,1,36,6,2,38,2,15,5
23,No,Travel_Rarely,629,Research & Development,13,5,Marketing,1,Male,96,3,5,Manufacturing Director,1,Married,17857,3701,8,No,13,3,2,0,15,4,3,40,4,2,10
44,No,Travel_Rarely,411,Research & Development,15,3,Marketing,3,Female,59,2,5,Sales Executive,3,Married,6424,23552,4,No,16,3,4,2,20,2,3,40,6,4,0
57,Yes,Travel_Rarely,1050,Sales,27,4,Medical,4,Female,84,2,4,Human Resources,3,Single,16407,25631,6,Yes,19,3,3,3,12,2,2,10,10,13,7
51,No,Non-Travel,1463,Research & Development,19,5,Life Sciences,3,Female,95,1,4,Manufacturing Director,3,Single,9124,25211,9,No,16,3,2,2,3,6,3,3,11,14,1
29,Yes,Travel_Frequently,775,Research & Development,20,3,Technical Degree,1,Male,55,4,2,Sales Representative,2,Single,1296,18544,6,No,12,3,3,2,30,4,1,6,10,2,7
24,No,Travel_Frequently,538,Research & Development,14,2,Technical Degree,3,Male,86,1,2,Laboratory Technician,3,Single,4204,17629,3,No,12,3,3,1,8,5,2,20,18,9,8
27,No,Travel_Rarely,805,Sales,21,4,Human Resources,2,Female,98,2,2,Laboratory Technician,3,Married,19385,26478,4,No,25,3,4,2,32,5,1,6,12,8,3
34,No,Non-Travel,764,Research & Development,13,2,Marketing,1,Male,31,1,4,Research Director,1,Divorced,8459,9739,1,No,23,3,2,3,36,6,2,3,3,9,16
43,Yes,Travel_Rarely,466,Research & Development,12,1,Marketing,2,Female,85,3,4,Research Director,3,Married,3934,11564,7,Yes,23,3,2,2,36,6,1,11,13,3,6
38,No,Non-Travel,1024,Research & Development,24,2,Life Sciences,3,Male,91,3,5,Sales Executive,4,Married,15524,6252,0,No,18,4,1,3,23,4,3,26,11,6,9
45,No,Travel_Rarely,214,Sales,29,2,Other,1,Male,63,2,4,Research Scientist,1,Married,18513,11099,1,No,21,3,2,0,24,4,4,16,1,3,4
19,No,Travel_Rarely,277,Research & Development,23,4,Technical Degree,2,Female,85,3,3,Research Director,3,Married,6319,18880,2,Yes,18,3,2,2,40,5,1,19,7,2,9
60,Yes,Travel_Rarely,1274,Research & Development,9,1,Human Resources,2,Female,84,4,3,Sales Executive,1,Single,17839,10019,6,No,16,3,4,1,28,2,1,30,18,9,11
18,Yes,Travel_Rarely,1303,Research & Development,27,2,Life Sciences,2,Female,49,2,2,Research Director,1,Married,12769,15734,5,No,20,3,1,2,39,3,4,25,12,0,5
53,No,Non-Travel,1037,Research & Development,3,5,Marketing,4,Male,79,4,4,Research Director,4,Married,15905,6260,6,No,17,3,4,3,35,4,4,30,0,13,0
43,No,Travel_Rarely,483,Sales,11,3,Technical Degree,2,Male,54,2,3,Research Scientist,1,Single,18114,21403,4,No,11,3,2,3,14,3,1,34,4,11,2
46,Yes,Non-Travel,1348,Research & Development,10,2,Human Resources,2,Male,54,2,5,Manufacturing Director,1,Married,19556,17170,3,No,25,3,1,1,17,3,1,8,10,8,6
38,No,Travel_Rarely,1384,Sales,1,1,Medical,3,Male,82,3,1,Manager,2,Married,11783,21471,6,No,22,3,4,3,19,0,1,4,10,12,10
28,No,Travel_Rarely,1314,Research & Development,17,2,Technical Degree,3,Male,43,2,5,Human Resources,3,Married,16466,11372,2,Yes,19,3,1,2,4,2,2,7,12,10,11
57,No,Travel_Rarely,407,Sales,28,3,Human Resources,3,Male,89,2,1,Research Director,2,Single,10552,2865,9,No,15,3,2,3,17,6,1,20,1,0,8
28,Yes,Non-Travel,703,Research & Development,26,1,Life Sciences,3,Male,72,1,5,Research Director,3,Married,4989,13534,6,Yes,19,3,1,2,39,3,1,15,18,10,0
53,No,Travel_Frequently,444,Research & Development,13,4,Medical,4,Female,91,3,3,Sales Representative,1,Married,12585,25849,1,No,12,3,1,2,0,6,4,15,15,12,3
56,No,Travel_Rarely,257,Research & Development,14,1,Human Resources,3,Female,98,4,4,Human Resources,3,Single,19118,24191,7,No,24,4,1,3,18,6,4,17,4,0,1
57,Yes,Travel_Rarely,813,Sales,1,4,Human Resources,3,Female,92,2,1,Research Scientist,1,Single,4422,10261,5,No,18,3,2,1,22,2,2,27,13,14,1
52,No,Non-Travel,1180,Research & Development,2,1,Marketing,3,Male,31,4,4,Laboratory Technician,3,Married,1503,3650,2,No,17,3,2,0,25,2,2,17,18,0,16
51,Yes,Travel_Rarely,1325,Sales,2,3,Other,2,Female,83,1,4,Research Director,1,Single,1956,13244,2,No,21,4,1,1,28,0,3,13,4,13,1
41,No,Travel_Rarely,504,Research & Development,7,3,Technical Degree,4,Male,45,2,3,Manager,3,Married,1031,3245,4,No,24,3,4,0,33,6,1,36,8,4,3
39,No,Travel_Frequently,715,Human Resources,9,1,Marketing,3,Male,84,4,2,Human Resources,3,Married,2137,23792,2,No,14,3,4,1,18,5,1,39,11,15,10
22,No,Travel_Frequently,898,Sales,24,2,Medical,2,Female,72,3,2,Manufacturing Director,3,Single,14995,19695,5,No,13,3,2,2,17,2,4,15,15,6,12
50,No,Travel_Rarely,724,Research & Development,4,3,Other,1,Male,90,1,1,Research Director,1,Single,17170,14628,1,Yes,14,3,3,2,1,3,3,20,18,6,17
53,No,Travel_Frequently,704,Research & Development,2,4,Human Resources,4,Male,67,1,3,Laboratory Technician,3,Married,17169,22422,7,No,14,3,4,3,26,5,1,0,14,9,14
37,No,Non-Travel,278,Sales,19,4,Marketing,3,Male,74,4,4,Laboratory Technician,1,Single,17950,10133,8,Yes,20,3,1,0,5,5,3,10,16,15,11
36,No,Travel_Rarely,550,Research & Development,26,5,Other,2,Male,80,2,5,Research Director,2,Single,10817,20520,6,No,20,3,3,0,38,1,2,10,14,0,10
52,No,Travel_Rarely,844,Research & Development,5,4,Technical Degree,1,Female,71,2,5,Healthcare Representative,3,Married,8007,16753,2,No,18,3,2,3,5,3,1,1,2,5,0
60,No,Non-Travel,402,Research & Development,9,5,Medical,1,Female,53,3,1,Laboratory Technician,4,Single,8191,8397,9,No,23,3,4,1,5,3,1,31,16,8,15
34,No,Travel_Frequently,808,Sales,24,1,Life Sciences,2,Female,59,3,1,Sales Executive,4,Married,19049,21147,3,Yes,23,3,3,3,30,2,2,18,12,5,12
60,No,Non-Travel,408,Research & Development,13,1,Marketing,2,Male,66,2,1,Laboratory Technician,1,Single,10007,20591,9,No,14,3,2,1,40,3,1,4,8,14,5
51,No,Travel_Rarely,852,Research & Development,12,1,Medical,4,Female,82,1,3,Human Resources,4,Married,4321,5071,1,No,24,3,2,3,39,6,2,2,12,3,5
26,Yes,Travel_Rarely,970,Research & Development,19,2,Life Sciences,2,Male,92,3,5,Healthcare Representative,1,Single,14338,14635,8,No,15,3,1,0,29,1,2,27,15,14,9
43,No,Travel_Rarely,1392,Research & Development,9,2,Marketing,3,Male,40,3,3,Research Scientist,1,Divorced,16811,22856,4,No,12,3,4,0,20,2,3,25,18,9,1
19,Yes,Non-Travel,315,Research & Development,10,5,Medical,1,Female,52,1,3,Sales Representative,4,Married,12176,25705,1,No,23,3,3,1,40,4,4,22,13,8,2
26,No,Non-Travel,584,Sales,19,4,Medical,3,Male,79,2,4,Research Scientist,4,Single,3333,24739,9,No,14,3,1,0,17,3,4,29,7,15,5
26,No,Travel_Rarely,1387,Sales,10,4,Other,3,Female,84,4,3,Manufacturing Director,2,Married,10648,2516,5,No,17,3,4,0,22,3,2,7,18,12,15
57,No,Travel_Rarely,1192,Human Resources,12,1,Marketing,3,Male,84,3,3,Sales Representative,1,Married,14347,14079,6,No,13,4,3,0,37,0,3,35,2,2,5
34,No,Travel_Rarely,234,Sales,14,3,Medical,1,Female,33,1,4,Manufacturing Director,4,Married,11762,18568,1,No,24,3,2,0,22,4,2,28,17,12,12
18,No,Travel_Rarely,613,Human Resources,8,2,Human Resources,1,Female,83,3,2,Sales Representative,2,Divorced,6993,5466,0,No,24,3,2,2,27,4,3,12,15,9,3
42,No,Travel_Rarely,312,Research & Development,16,2,Marketing,1,Male,90,1,4,Sales Representative,2,Married,19904,18177,6,Yes,11,3,4,3,35,6,3,24,13,3,14
60,Yes,Travel_Rarely,1089,Sales,17,1,Medical,2,Male,34,3,1,Sales Executive,1,Single,16151,24514,0,No,23,3,1,3,24,1,4,21,15,3,5
57,No,Non-Travel,1088,Sales,20,2,Other,3,Female,47,2,2,Manager,3,Married,12072,4036,2,No,18,4,3,2,6,6,4,32,16,3,0
59,Yes,Travel_Rarely,818,Sales,4,1,Life Sciences,4,Male,73,1,5,Human Resources,4,Single,1371,22283,3,No,18,4,3,0,17,4,3,36,10,5,8
42,Yes,Travel_Rarely,354,Human Resources,6,5,Life Sciences,2,Male,60,4,3,Research Scientist,4,Married,4463,12044,1,Yes,16,3,2,3,19,6,4,6,12,12,11
56,Yes,Travel_Rarely,139,Research & Development,12,4,Human Resources,2,Female,50,4,2,Laboratory Technician,4,Married,4264,18376,6,No,17,3,4,3,4,6,3,22,10,15,10
52,No,Travel_Rarely,1168,Research & Development,28,3,Marketing,4,Male,76,3,5,Healthcare Representative,4,Single,18610,18575,4,No,25,3,1,3,17,0,1,5,3,10,12
20,No,Travel_Frequently,730,Sales,18,4,Other,3,Female,59,4,4,Human Resources,4,Single,18878,3573,0,No,20,3,2,1,39,1,2,14,13,14,0
54,No,Travel_Frequently,1088,Sales,7,4,Medical,4,Male,84,3,4,Manufacturing Director,4,Divorced,6358,6720,7,No,21,3,2,2,32,6,4,14,4,14,3
47,Yes,Non-Travel,147,Research & Development,5,5,Medical,1,Male,97,1,1,Sales Executive,2,Divorced,8204,12871,9,Yes,12,3,1,1,14,6,2,39,3,10,4
55,No,Travel_Rarely,406,Sales,10,2,Life Sciences,3,Female,98,1,1,Manufacturing Director,1,Married,11056,7241,6,No,15,3,3,1,34,4,4,33,0,6,16
51,No,Non-Travel,334,Research & Development,6,3,Other,2,Male,70,4,2,Manager,2,Single,8759,22125,3,No,22,4,3,2,0,1,2,13,13,13,4
29,No,Travel_Frequently,346,Research & Development,27,2,Human Resources,1,Male,74,4,3,Healthcare Representative,4,Married,10408,7537,1,No,17,4,4,3,20,4,2,28,6,8,2
36,No,Travel_Rarely,861,Research & Development,14,4,Life Sciences,1,Male,59,2,4,Sales Executive,1,Single,14695,2173,6,No,25,3,2,1,7,4,4,15,9,13,10
54,No,Travel_Rarely,1420,Research & Development,6,1,Life Sciences,2,Male,74,1,2,Manufacturing Director,4,Single,9044,7671,1,No,19,3,4,3,6,6,4,28,1,10,1
34,Yes,Travel_Rarely,940,Research & Development,14,4,Human Resources,4,Male,74,4,2,Manager,1,Single,2516,14995,5,No,11,3,3,1,40,5,4,22,9,2,13
27,No,Travel_Frequently,259,Human Resources,12,2,Marketing,1,Male,74,4,2,Manufacturing Director,2,Single,18396,4317,0,No,25,3,1,3,39,4,4,9,2,7,5
29,Yes,Travel_Rarely,1126,Research & Development,27,4,Medical,1,Male,84,4,1,Human Resources,1,Married,15785,4663,6,Yes,13,3,3,0,39,6,3,3,7,7,0
33,No,Non-Travel,318,Sales,22,1,Marketing,3,Male,88,3,4,Healthcare Representative,2,Divorced,18318,12058,6,No,16,3,3,0,29,3,4,11,9,0,6
41,No,Travel_Rarely,1029,Research & Development,26,5,Other,3,Female,34,2,1,Research Director,4,Married,7592,15862,3,No,24,3,2,0,37,4,4,33,7,4,1
36,Yes,Travel_Rarely,608,Sales,12,2,Technical Degree,2,Female,61,1,1,Human Resources,1,Single,4936,22996,3,No,17,3,3,2,34,3,4,3,13,12,0
25,No,Travel_Rarely,862,Sales,8,4,Technical Degree,2,Male,35,4,2,Healthcare Representative,3,Married,18378,19601,9,No,16,3,4,0,1,2,1,19,17,9,8
48,No,Non-Travel,1005,Human Resources,10,2,Technical Degree,2,Female,55,4,5,Manager,3,Married,16806,18343,4,Yes,11,4,1,1,7,5,2,27,8,15,16
38,No,Non-Travel,682,Research & Development,16,5,Human Resources,4,Female,66,4,5,Sales Executive,2,Single,5240,4717,1,No,14,3,2,3,37,0,4,27,8,4,9
34,Yes,Travel_Rarely,1155,Human Resources,20,4,Life Sciences,1,Male,42,3,5,Sales Representative,2,Divorced,6311,3497,8,No,16,3,1,3,3,1,4,5,3,11,5
40,No,Travel_Rarely,728,Research & Development,26,4,Marketing,2,Female,98,1,2,Manufacturing Director,2,Married,6300,21056,9,No,18,3,4,3,36,1,2,13,2,7,2
54,No,Travel_Rarely,621,Research & Development,8,2,Medical,3,Male,54,4,3,Research Scientist,2,Divorced,1917,18809,3,No,20,3,4,3,20,2,2,34,13,7,14
33,No,Travel_Rarely,376,Sales,9,2,Technical Degree,1,Female,42,4,4,Healthcare Representative,4,Married,16132,9579,8,No,25,3,3,1,12,4,3,0,13,11,5
23,No,Travel_Rarely,593,Sales,13,1,Marketing,2,Male,49,3,2,Laboratory Technician,3,Married,13886,13894,2,No,24,3,4,3,8,0,2,18,15,15,2
25,No,Travel_Frequently,928,Research & Development,29,5,Technical Degree,1,Male,89,3,2,Manager,2,Single,15248,19217,8,No,14,4,3,1,28,2,2,0,4,15,9
42,Yes,Travel_Rarely,1052,Research & Development,20,1,Technical Degree,1,Female,50,2,1,Research Director,1,Married,3595,14892,0,Yes,17,3,2,1,40,2,1,12,14,1,11
35,No,Travel_Rarely,1027,Research & Development,17,4,Medical,1,Male,90,2,5,Sales Representative,1,Single,10344,26711,6,No,21,3,1,3,23,1,3,7,8,2,0
42,No,Non-Travel,948,Research & Development,19,2,Other,2,Male,55,1,2,Laboratory Technician,4,Divorced,16649,7074,3,No,13,3,3,3,15,3,1,17,6,15,15
29,Yes,Non-Travel,1161,Sales,17,4,Other,1,Male,83,2,3,Research Director,2,Divorced,18724,5972,6,Yes,18,3,3,3,11,3,2,34,12,1,16
32,No,Travel_Rarely,1436,Research & Development,7,4,Other,1,Male,71,1,4,Research Scientist,1,Divorced,11543,4043,9,No,11,3,2,1,1,4,4,22,7,0,9
43,Yes,Travel_Rarely,1169,Research & Development,28,3,Human Resources,1,Female,40,2,3,Human Resources,2,Married,2815,21938,5,Yes,14,3,4,2,18,4,3,25,11,1,11
58,No,Travel_Rarely,1280,Sales,1,3,Life Sciences,3,Female,66,4,2,Manufacturing Director,1,Divorced,11301,20606,3,No,18,3,3,1,29,6,2,40,3,9,7
43,No,Non-Travel,1202,Research & Development,27,4,Human Resources,2,Male,40,2,2,Sales Executive,4,Single,18198,22975,3,No,20,3,4,2,15,6,2,37,15,5,7
49,No,Travel_Rarely,140,Research & Development,20,2,Marketing,4,Male,56,4,1,Research Director,1,Married,11976,20632,7,No,14,3,3,3,23,2,4,19,5,11,9
27,No,Travel_Frequently,340,Sales,29,4,Human Resources,3,Female,63,1,3,Sales Representative,2,Married,17464,23708,6,Yes,12,4,4,1,12,4,4,1,4,0,9
33,No,Travel_Rarely,1138,Research & Development,14,3,Marketing,1,Male,67,2,1,Healthcare Representative,2,Married,1036,25922,3,No,12,3,3,3,4,3,4,25,0,5,17
24,No,Travel_Rarely,223,Human Resources,17,2,Marketing,1,Female,90,2,3,Healthcare Representative,4,Married,9669,19715,5,Yes,14,3,1,2,22,0,3,35,13,0,9
34,Yes,Travel_Rarely,245,Sales,13,4,Life Sciences,4,Male,82,2,5,Sales Representative,3,Single,8064,12052,5,No,25,3,1,2,37,1,1,24,8,1,6
40,No,Travel_Frequently,785,Research & Development,29,5,Medical,4,Male,94,4,5,Healthcare Representative,2,Single,10625,10791,0,Yes,23,3,1,1,30,3,3,29,17,7,3
43,No,Travel_Frequently,556,Sales,2,5,Life Sciences,3,Male,32,4,3,Research Director,3,Divorced,11449,23718,1,No,14,3,3,1,16,6,4,17,5,13,0
38,No,Non-Travel,469,Research & Development,27,4,Other,1,Male,96,2,1,Manager,2,Married,4841,17587,3,Yes,25,3,4,1,2,5,3,6,14,5,10
39,Yes,Travel_Rarely,860,Research & Development,14,2,Other,4,Male,57,1,5,Healthcare Representative,4,Single,16979,12127,5,Yes,12,3,2,1,25,4,4,26,15,8,4
24,Yes,Non-Travel,348,Sales,1,4,Human Resources,3,Male,43,4,2,Human Resources,1,Divorced,14116,23293,5,Yes,17,3,2,0,12,1,1,10,7,0,7
31,No,Travel_Rarely,1024,Sales,29,4,Marketing,4,Male,81,3,4,Research Scientist,3,Divorced,14786,11680,0,No,25,3,2,0,37,5,3,36,18,4,1
32,No,Travel_Rarely,1170,Research & Development,5,3,Technical Degree,1,Male,59,1,1,Sales Executive,1,Single,16963,2350,7,No,16,3,1,3,21,1,1,7,4,6,1
24,No,Travel_Rarely,866,Research & Development,7,5,Technical Degree,1,Male,87,1,3,Research Director,4,Divorced,17952,3814,1,Yes,21,3,1,2,20,2,1,10,13,8,13
26,No,Travel_Rarely,476,Research & Development,19,3,Marketing,1,Male,83,1,4,Laboratory Technician,4,Divorced,8966,15335,4,No,13,3,1,2,28,4,4,23,6,13,8
25,No,Travel_Rarely,1416,Sales,14,3,Life Sciences,1,Male,98,4,4,Sales Representative,4,Divorced,13675,18328,3,No,18,3,4,3,38,2,3,29,3,10,9
40,Yes,Non-Travel,308,Research & Development,24,4,Medical,2,Male,44,2,2,Research Director,2,Divorced,11119,25825,4,Yes,18,3,1,3,4,1,3,29,0,8,12
46,No,Non-Travel,620,Research & Development,14,3,Life Sciences,2,Male,67,2,1,Manager,2,Married,8353,9170,4,No,11,3,4,3,13,2,1,14,3,3,0
35,Yes,Travel_Rarely,343,Human Resources,15,5,Marketing,2,Female,43,3,4,Human Resources,2,Married,17471,3165,9,No,13,3,4,0,17,4,4,34,13,12,13
48,Yes,Travel_Rarely,1239,Sales,5,3,Marketing,3,Female,86,2,1,Sales Representative,2,Single,14705,3716,7,Yes,15,3,4,3,3,3,1,38,15,3,1
47,No,Travel_Rarely,920,Research & Development,5,5,Medical,3,Male,88,3,2,Healthcare Representative,3,Single,2040,4160,9,No,12,3,3,2,32,0,1,23,6,14,3
56,No,Travel_Rarely,403,Research & Development,29,3,Human Resources,4,Male,37,3,3,Research Director,4,Married,19465,10736,6,No,22,3,2,3,38,5,1,7,9,3,0
52,No,Travel_Rarely,1401,Research & Development,21,5,Human Resources,4,Male,48,2,4,Research Scientist,3,Married,16099,2991,8,No,22,3,4,1,19,3,1,19,9,2,3
35,No,Travel_Rarely,1221,Research & Development,24,3,Medical,3,Female,61,3,4,Sales Representative,2,Single,16825,23653,0,No,15,3,2,2,12,1,3,40,3,7,10
59,Yes,Non-Travel,1419,Sales,2,3,Human Resources,4,Male,58,1,4,Manufacturing Director,1,Married,18877,10367,5,No,21,3,4,2,35,3,2,25,11,4,12
56,No,Travel_Rarely,802,Research & Development,18,2,Technical Degree,3,Male,70,1,1,Human Resources,3,Single,11446,22652,5,No,20,3,4,2,3,2,3,23,5,6,17
34,No,Travel_Rarely,1485,Research & Development,28,5,Human Resources,2,Female,74,1,4,Sales Executive,1,Divorced,16462,7875,1,No,13,3,1,0,34,4,4,21,12,9,9
31,Yes,Travel_Rarely,389,Sales,24,5,Human Resources,3,Male,42,4,1,Sales Representative,2,Single,15267,22422,7,Yes,25,3,2,0,7,3,2,4,0,5,4
48,No,Travel_Rarely,255,Research & Development,9,5,Human Resources,3,Male,56,3,5,Manager,3,Married,2559,24904,5,Yes,19,3,4,2,39,3,1,14,7,13,0
41,No,Travel_Rarely,524,Research & Development,27,1,Technical Degree,4,Male,48,3,5,Research Director,3,Married,13986,15716,9,No,21,4,2,1,35,4,3,35,15,8,13
52,No,Non-Travel,951,Sales,28,3,Human Resources,4,Female,55,1,1,Healthcare Representative,3,Single,5691,15378,8,No,11,3,1,2,5,2,2,36,4,13,15
51,No,Travel_Rarely,151,Human Resources,10,5,Other,3,Male,82,4,5,Sales Executive,1,Divorced,15448,12493,9,No,14,3,4,0,21,0,1,28,6,2,17
20,Yes,Travel_Rarely,1332,Human Resources,26,1,Technical Degree,1,Female,80,2,2,Sales Executive,2,Married,19222,23913,4,No,20,3,1,1,5,3,3,14,2,5,2
54,No,Travel_Rarely,665,Research & Development,18,2,Medical,4,Female,66,1,2,Human Resources,4,Married,4760,11977,6,Yes,16,4,4,2,35,5,2,26,1,2,2
60,No,Travel_Rarely,955,Sales,4,5,Life Sciences,3,Male,38,4,5,Manager,4,Single,13923,11465,5,No,25,3,1,0,8,1,3,7,1,1,3
57,No,Travel_Rarely,984,Research & Development,8,5,Medical,4,Male,81,2,3,Healthcare Representative,2,Married,11232,21413,4,Yes,19,3,1,1,15,6,2,28,9,15,6
43,No,Travel_Rarely,763,Research & Development,18,1,Life Sciences,1,Male,83,4,1,Sales Executive,3,Single,16407,24311,5,No,13,3,3,3,38,2,4,18,8,2,12
40,No,Non-Travel,666,Sales,20,3,Medical,4,Female,32,2,5,Manager,4,Married,7610,12801,3,No,25,4,4,3,37,2,3,30,17,1,8
56,No,Travel_Frequently,314,Research & Development,26,2,Other,3,Female,98,3,1,Manager,3,Married,4865,10182,2,No,13,4,4,2,32,3,3,8,5,1,2
32,Yes,Travel_Rarely,1191,Research & Development,29,5,Life Sciences,3,Male,37,3,5,Laboratory Technician,2,Divorced,13670,15234,0,No,25,3,4,3,17,5,2,9,5,9,16
21,No,Travel_Rarely,1357,Research & Development,29,3,Life Sciences,1,Female,43,4,2,Research Director,1,Married,16600,18939,0,No,22,3,2,0,11,6,4,36,9,10,14
46,No,Travel_Rarely,912,Research & Development,17,2,Marketing,3,Male,32,4,3,Sales Executive,3,Single,7191,13187,5,No,15,3,3,1,26,4,3,9,8,6,9
39,No,Non-Travel,951,Research & Development,16,4,Life Sciences,1,Male,53,2,1,Sales Executive,1,Single,8979,18594,8,Yes,17,3,2,2,0,6,4,32,8,9,14
42,No,Travel_Rarely,1445,Human Resources,18,4,Life Sciences,3,Female,42,4,3,Manager,1,Married,16163,7879,7,No,24,3,4,1,14,3,4,24,2,15,0
30,No,Travel_Rarely,1262,Research & Development,7,2,Marketing,3,Female,72,4,2,Sales Executive,2,Single,3103,8601,1,Yes,15,4,3,1,26,3,3,3,11,14,9
35,No,Travel_Rarely,982,Research & Development,1,1,Human Resources,4,Male,58,2,4,Manager,2,Single,13104,7924,8,No,21,3,1,1,15,4,1,4,10,2,6
50,Yes,Travel_Rarely,1190,Research & Development,28,2,Human Resources,4,Female,80,2,4,Sales Executive,1,Divorced,14681,6655,7,No,18,3,3,0,20,1,2,22,13,7,6
33,No,Travel_Rarely,1257,Research & Development,1,2,Marketing,1,Female,71,3,1,Manager,1,Single,18941,16613,8,No,15,3,1,2,0,4,3,38,18,12,2
59,No,Travel_Rarely,435,Research & Development,18,1,Technical Degree,4,Female,60,1,2,Laboratory Technician,4,Divorced,15237,26605,3,No,17,3,4,3,28,3,4,4,9,15,6
19,No,Travel_Rarely,133,Research & Development,4,1,Life Sciences,2,Female,92,4,1,Research Director,4,Single,9568,2753,8,No,16,3,4,1,2,0,2,7,18,1,8
52,No,Travel_Rarely,969,Research & Development,23,3,Life Sciences,1,Female,55,2,1,Manager,2,Divorced,1073,20600,1,No,24,3,1,1,11,4,3,16,4,10,7
59,No,Travel_Rarely,999,Research & Development,20,3,Marketing,2,Male,47,3,1,Sales Executive,3,Married,4308,13629,0,Yes,20,3,3,1,27,1,2,0,8,10,2
51,No,Travel_Rarely,1368,Research & Development,21,1,Marketing,1,Female,86,1,3,Healthcare Representative,1,Married,5858,16096,8,No,23,3,2,0,38,4,2,11,0,6,4
47,No,Non-Travel,1317,Human Resources,20,4,Technical Degree,2,Male,36,4,5,Research Director,3,Single,6648,20064,9,No,12,3,3,3,36,4,4,34,14,2,12
30,No,Travel_Rarely,1267,Sales,4,4,Other,4,Female,77,3,2,Laboratory Technician,1,Divorced,19428,6776,7,No,13,3,1,1,30,2,1,13,3,8,12
30,No,Travel_Rarely,702,Sales,25,2,Human Resources,4,Male,89,1,3,Manager,2,Divorced,12064,25277,6,No,21,4,1,0,30,2,1,17,6,6,7
35,No,Travel_Rarely,1089,Research & Development,6,5,Medical,3,Female,62,4,5,Healthcare Representative,3,Married,19621,17796,7,No,21,3,2,0,32,3,2,9,5,14,17
49,No,Travel_Rarely,1316,Sales,28,2,Other,2,Male,32,3,1,Manager,2,Married,17989,13033,0,No,14,3,2,1,32,3,4,14,14,8,6
49,No,Travel_Rarely,1274,Sales,3,2,Human Resources,3,Male,33,4,4,Sales Executive,1,Married,11875,10920,8,No,15,3,2,1,39,6,4,32,5,1,9
52,Yes,Non-Travel,700,Sales,6,5,Life Sciences,1,Male,33,1,3,Sales Representative,2,Single,4898,25465,9,Yes,19,3,1,0,10,4,3,18,6,5,9
56,No,Travel_Rarely,621,Sales,13,1,Other,2,Female,71,2,2,Human Resources,3,Married,16467,26453,8,No,16,3,4,0,28,0,2,33,2,4,10
46,Yes,Travel_Frequently,970,Sales,23,4,Marketing,3,Female,38,3,2,Research Scientist,4,Divorced,18788,21360,8,Yes,11,3,3,1,24,5,3,24,12,13,11
46,No,Travel_Rarely,117,Human Resources,7,2,Technical Degree,1,Male,80,1,5,Healthcare Representative,2,Married,1461,7343,5,No,13,3,2,0,12,3,4,15,1,1,12
33,No,Travel_Rarely,1231,Sales,24,5,Human Resources,2,Female,46,4,3,Manufacturing Director,3,Single,12004,21289,3,No,17,3,1,0,18,4,2,7,2,3,7
27,No,Travel_Rarely,384,Research & Development,29,3,Technical Degree,3,Female,46,1,1,Manager,2,Married,3640,14739,1,Yes,18,3,3,1,35,4,1,34,12,3,16
47,Yes,Travel_Rarely,1229,Research & Development,4,2,Human Resources,2,Female,49,1,5,Manager,2,Married,3195,24005,3,No,17,3,2,1,27,5,1,20,8,7,13
42,No,Travel_Rarely,462,Human Resources,1,4,Other,2,Male,43,2,2,Research Scientist,4,Single,6976,20362,6,Yes,15,3,4,2,3,4,3,18,18,12,16
56,No,Travel_Rarely,1160,Sales,6,1,Life Sciences,3,Female,51,3,3,Research Scientist,3,Single,5357,11804,0,Yes,25,3,3,3,2,5,2,10,17,6,15
37,No,Travel_Rarely,214,Research & Development,24,2,Medical,4,Male,81,1,4,Manufacturing Director,3,Single,2468,10907,8,No,20,3,3,1,37,5,4,10,4,12,8
22,No,Non-Travel,409,Research & Development,5,2,Technical Degree,4,Female,56,2,1,Sales Executive,3,Divorced,2951,14863,2,No,18,3,1,1,36,6,3,10,9,4,9
18,No,Travel_Rarely,1060,Research & Development,13,5,Technical Degree,3,Female,72,2,2,Human Resources,1,Single,15905,16255,3,No,19,3,1,1,24,4,1,21,13,8,8
47,No,Travel_Rarely,1178,Research & Development,19,3,Medical,1,Female,32,2,3,Sales Representative,2,Married,15416,23551,4,Yes,17,3,1,3,40,6,4,20,16,0,0
20,No,Travel_Rarely,1206,Research & Development,4,3,Technical Degree,3,Female,37,4,4,Sales Representative,4,Married,16631,11823,2,No,21,3,4,2,34,4,2,26,2,3,2
31,Yes,Travel_Rarely,935,Sales,24,1,Technical Degree,3,Male,39,2,2,Laboratory Technician,3,Married,15566,17774,3,Yes,19,3,3,0,28,2,1,17,6,4,10
47,No,Travel_Frequently,1494,Research & Development,6,4,Human Resources,2,Male,58,2,4,Laboratory Technician,4,Divorced,17454,18241,4,No,11,3,2,3,40,5,4,39,8,7,6
21,No,Travel_Frequently,343,Research & Development,13,1,Human Resources,4,Male,69,2,2,Sales Executive,1,Single,18887,23894,0,No,24,3,4,1,28,1,1,37,4,2,17
35,No,Travel_Rarely,132,Research & Development,29,2,Medical,4,Male,94,2,5,Laboratory Technician,1,Single,18573,24278,8,Yes,19,3,2,1,11,5,2,29,3,13,12
54,No,Travel_Rarely,805,Human Resources,5,2,Life Sciences,4,Male,50,3,5,Laboratory Technician,4,Divorced,14102,25373,9,No,13,3,2,2,34,1,3,32,2,11,17
42,No,Travel_Rarely,970,Sales,13,3,Other,4,Female,53,3,5,Manufacturing Director,3,Single,3797,12356,9,Yes,16,4,1,2,19,4,4,20,12,4,15
18,No,Non-Travel,1486,Human Resources,25,4,Other,3,Female,89,2,3,Manufacturing Director,4,Single,11409,24793,3,No,18,3,2,2,16,3,4,1,8,2,15
32,No,Travel_Rarely,334,Sales,10,5,Technical Degree,2,Male,55,1,5,Laboratory Technician,3,Divorced,17498,23408,8,No,13,3,2,0,11,0,2,12,6,12,9
26,No,Travel_Rarely,1159,Sales,3,4,Life Sciences,4,Male,38,4,3,Research Director,3,Divorced,4934,4459,3,No,14,3,4,3,35,6,1,1,7,6,8
32,No,Travel_Rarely,1368,Sales,23,2,Medical,4,Male,49,1,1,Research Director,1,Married,19301,15289,0,No,17,3,1,3,9,4,1,30,9,9,7
41,No,Travel_Rarely,1052,Sales,25,5,Medical,2,Male,85,1,5,Sales Executive,4,Single,19442,13131,4,No,22,3,2,2,17,0,1,9,0,2,2
21,No,Travel_Rarely,160,Research & Development,27,4,Human Resources,3,Male,65,2,3,Sales Representative,1,Married,15577,13324,8,No,17,3,2,0,29,2,4,22,0,6,8
29,No,Travel_Rarely,872,Sales,13,4,Technical Degree,3,Female,65,1,2,Research Scientist,2,Single,13665,19332,2,Yes,14,3,2,3,7,1,4,21,18,13,1
54,Yes,Travel_Rarely,1203,Sales,27,5,Marketing,3,Male,51,3,3,Sales Executive,1,Married,10475,17646,4,No,19,3,3,1,40,6,1,28,1,1,7
54,No,Non-Travel,819,Human Resources,12,2,Medical,4,Female,30,3,3,Laboratory Technician,3,Married,4913,4822,2,No,23,3,3,1,12,2,4,32,11,6,17
60,No,Travel_Rarely,403,Research & Development,4,4,Technical Degree,4,Male,98,4,2,Manufacturing Director,4,Divorced,16476,19393,2,Yes,13,3,1,1,30,3,3,30,12,8,7
23,No,Travel_Frequently,904,Research & Development,10,5,Life Sciences,4,Female,66,3,3,Manager,2,Single,11428,17571,0,No,22,3,4,3,5,3,2,13,13,11,4
56,No,Travel_Rarely,998,Research & Development,26,2,Human Resources,3,Female,42,3,2,Healthcare Representative,2,Married,17685,25651,1,No,18,3,1,2,6,5,2,9,4,4,5
41,No,Travel_Rarely,213,Research & Development,3,5,Other,4,Female,72,2,4,Manufacturing Director,2,Single,11423,7032,1,Yes,18,3,3,1,20,6,4,17,2,11,9
28,No,Travel_Rarely,418,Sales,17,5,Life Sciences,1,Female,66,3,5,Research Director,2,Married,13174,2225,8,No,23,3,1,2,37,6,3,10,16,5,14
30,No,Travel_Frequently,1270,Research & Development,9,4,Medical,2,Female,54,1,1,Manufacturing Director,4,Divorced,11692,22071,6,No,14,3,4,0,27,6,3,38,0,12,3
51,No,Non-Travel,769,Research & Development,29,2,Medical,1,Female,50,1,3,Research Scientist,3,Single,16451,2387,7,No,17,3,1,1,20,4,1,2,13,9,2
42,Yes,Travel_Rarely,791,Sales,1,4,Life Sciences,1,Female,70,3,2,Laboratory Technician,2,Married,5869,16821,1,Yes,14,3,2,0,20,5,2,1,5,10,8
24,No,Travel_Rarely,119,Research & Development,18,1,Medical,4,Male,71,4,5,Manager,3,Married,4738,12582,8,No,23,3,4,2,23,3,2,7,16,2,15
21,No,Travel_Rarely,1476,Sales,9,1,Technical Degree,2,Male,71,4,3,Research Director,1,Divorced,15409,22163,2,Yes,22,3,4,3,26,3,2,30,3,12,15
25,No,Travel_Rarely,1280,Sales,21,2,Medical,1,Male,31,4,5,Research Director,3,Married,9628,26494,9,No,11,4,4,2,26,5,4,7,5,9,14
37,No,Non-Travel,879,Research & Development,20,5,Human Resources,3,Female,97,3,4,Human Resources,2,Divorced,12173,26240,1,No,11,3,1,1,12,2,3,1,0,4,8
46,Yes,Travel_Rarely,461,Research & Development,25,4,Technical Degree,3,Male,37,4,3,Sales Representative,1,Married,7119,8940,0,Yes,24,3,1,1,28,0,1,21,8,12,16
27,No,Non-Travel,433,Research & Development,9,4,Marketing,3,Female,90,3,2,Research Scientist,1,Single,7964,9678,8,Yes,11,3,2,2,38,1,4,4,3,15,11
60,Yes,Travel_Rarely,629,Research & Development,2,2,Medical,3,Female,43,1,4,Research Director,1,Married,1115,25788,7,Yes,12,3,4,1,27,3,1,6,8,14,7
51,No,Travel_Rarely,113,Sales,19,2,Medical,2,Male,50,4,3,Sales Representative,2,Married,5763,23834,3,Yes,16,3,2,1,36,5,4,19,8,4,13
43,Yes,Travel_Rarely,1200,Sales,28,1,Human Resources,3,Male,53,4,5,Research Director,3,Married,12534,18764,6,Yes,22,3,4,0,28,3,2,27,12,2,17
58,No,Non-Travel,313,Research & Development,16,3,Human Resources,2,Female,79,4,4,Laboratory Technician,4,Married,7417,10735,2,No,20,3,3,3,21,2,1,12,16,7,11
20,No,Travel_Rarely,742,Research & Development,3,2,Other,2,Male,74,1,2,Sales Representative,3,Married,8644,13526,2,No,21,3,1,2,35,6,3,1,2,5,13
23,No,Travel_Rarely,384,Sales,16,3,Life Sciences,2,Female,93,3,3,Human Resources,2,Single,2234,25064,3,No,15,3,2,0,29,6,3,31,5,12,4
22,Yes,Travel_Rarely,1320,Research & Development,21,2,Life Sciences,2,Male,93,1,5,Laboratory Technician,2,Single,13205,12989,1,Yes,21,3,1,1,27,1,4,25,14,2,0
22,No,Travel_Rarely,881,Sales,13,5,Life Sciences,4,Female,55,1,5,Manager,1,Married,5259,7397,9,No,12,3,1,0,22,6,2,2,13,0,12
40,Yes,Travel_Rarely,1155,Research & Development,3,5,Human Resources,1,Male,61,2,4,Research Scientist,3,Married,16381,21594,3,Yes,18,3,3,3,32,6,4,40,12,9,13
26,No,Non-Travel,1134,Sales,10,1,Life Sciences,4,Female,86,4,3,Research Scientist,2,Married,18288,24352,9,No,19,3,3,2,3,2,1,12,8,0,1
52,No,Non-Travel,1434,Research & Development,22,1,Life Sciences,1,Male,82,3,5,Healthcare Representative,2,Married,13106,25448,2,Yes,17,3,4,3,2,0,3,20,14,12,15
37,No,Travel_Rarely,1435,Research & Development,18,3,Marketing,4,Male,62,3,4,Healthcare Representative,4,Single,19013,26626,7,Yes,22,3,3,3,31,2,3,36,13,10,4
59,No,Travel_Rarely,778,Sales,6,2,Life Sciences,3,Male,81,2,1,Sales Representative,3,Married,13064,10538,1,No,24,4,4,0,3,1,3,22,3,9,0
52,No,Travel_Rarely,806,Research & Development,6,4,Medical,2,Male,47,2,5,Research Scientist,1,Married,6428,11705,8,No,25,3,3,0,0,6,3,6,10,11,11
35,No,Travel_Rarely,527,Research & Development,18,1,Other,3,Female,64,1,4,Sales Representative,1,Married,18778,12622,2,No,25,3,3,3,11,1,1,16,1,1,9
34,Yes,Travel_Rarely,692,Sales,6,4,Human Resources,3,Female,41,2,1,Healthcare Representative,1,Married,16722,19713,3,No,22,4,2,1,12,3,3,27,15,9,11
41,No,Travel_Rarely,192,Sales,6,4,Technical Degree,3,Male,80,3,4,Manager,3,Married,12793,3093,9,No,19,3,3,2,33,0,4,29,18,15,15
20,No,Travel_Rarely,557,Sales,22,2,Other,4,Male,39,3,5,Research Director,2,Married,3442,5854,9,No,14,4,2,1,28,4,3,4,15,4,16
49,Yes,Travel_Rarely,545,Sales,28,3,Marketing,3,Male,81,3,1,Manufacturing Director,2,Divorced,12007,6210,2,No,23,3,3,1,8,3,1,23,6,6,12
52,No,Travel_Rarely,180,Research & Development,13,2,Human Resources,2,Female,63,1,4,Sales Representative,4,Married,12584,6505,2,Yes,17,3,2,2,30,6,2,6,10,0,6
55,No,Travel_Rarely,1028,Research & Development,14,1,Human Resources,2,Female,96,4,3,Manager,4,Married,2310,24035,7,Yes,15,3,1,0,6,5,2,33,11,0,2
30,No,Travel_Rarely,204,Research & Development,21,4,Medical,1,Male,68,4,1,Research Scientist,2,Married,7867,23830,7,No,15,3,4,1,12,2,3,32,3,15,4
42,No,Travel_Rarely,724,Sales,7,2,Other,4,Female,37,1,4,Research Director,2,Married,9959,12456,5,No,13,4,3,0,1,2,2,26,15,3,3
26,Yes,Travel_Frequently,1091,Sales,13,2,Other,2,Female,58,3,3,Human Resources,3,Married,9947,13207,3,No,19,3,2,2,32,1,1,13,15,12,14
21,Yes,Travel_Rarely,1439,Sales,15,2,Life Sciences,2,Female,51,3,1,Healthcare Representative,4,Married,6653,5777,0,Yes,23,3,3,1,6,5,3,18,6,9,16
31,No,Travel_Rarely,1372,Research & Development,12,1,Medical,4,Female,99,1,4,Manufacturing Director,1,Married,12087,20739,3,No,20,3,2,0,17,1,1,37,12,14,11
54,No,Travel_Rarely,335,Research & Development,21,3,Life Sciences,3,Female,90,1,5,Manager,1,Single,10269,17076,7,No,15,3,2,0,7,5,2,11,4,5,13
51,No,Travel_Rarely,745,Sales,27,2,Life Sciences,2,Female,72,2,1,Research Director,1,Divorced,15699,3947,5,No,16,3,3,1,11,1,2,2,0,8,3
28,No,Travel_Frequently,1360,Research & Development,1,1,Human Resources,3,Male,78,1,1,Laboratory Technician,1,Divorced,4316,15173,1,No,13,3,4,2,29,4,3,6,4,0,16
58,Yes,Travel_Rarely,891,Research & Development,28,4,Other,2,Female,58,4,3,Sales Executive,2,Married,17497,8989,2,No,20,3,2,3,8,4,2,34,13,10,10
20,No,Travel_Rarely,488,Research & Development,25,5,Life Sciences,1,Male,60,1,4,Manufacturing Director,2,Married,1404,21468,6,No,17,3,1,0,27,3,3,24,10,9,5
45,No,Travel_Rarely,948,Research & Development,3,1,Marketing,3,Male,82,3,5,Manufacturing Director,3,Single,11854,15029,3,No,19,3,3,2,3,4,3,14,1,4,3
46,No,Travel_Rarely,139,Research & Development,18,5,Marketing,2,Male,63,3,3,Sales Executive,1,Single,4300,14646,3,No,19,3,1,1,38,5,4,18,17,8,12
26,No,Travel_Rarely,1286,Research & Development,26,2,Other,4,Female,67,3,1,Human Resources,2,Single,19403,18147,4,Yes,24,3,2,0,16,1,4,18,14,7,14
20,No,Travel_Rarely,1242,Research & Development,22,2,Marketing,4,Male,86,4,3,Laboratory Technician,2,Married,14147,2956,7,No,25,4,2,0,10,5,4,22,13,6,17
42,Yes,Travel_Rarely,342,Research & Development,8,1,Human Resources,4,Male,33,4,3,Healthcare Representative,2,Divorced,5546,6621,6,No,23,3,3,0,1,3,1,10,12,15,16
51,No,Non-Travel,1151,Sales,2,5,Medical,2,Male,31,2,3,Manager,1,Married,10869,14341,8,No,20,3,4,2,22,3,2,20,1,15,9
29,Yes,Travel_Frequently,663,Sales,4,2,Technical Degree,3,Male,41,1,1,Research Director,2,Married,18444,19697,4,Yes,24,3,1,0,21,6,2,33,18,15,4
59,No,Travel_Rarely,907,Sales,18,4,Life Sciences,1,Male,64,2,2,Manager,4,Married,7627,5889,0,No,20,4,4,0,25,0,4,38,7,12,11
26,No,Travel_Rarely,399,Research & Development,28,3,Technical Degree,1,Female,99,1,3,Laboratory Technician,1,Single,5732,14890,3,No,15,3,1,1,11,4,3,6,16,9,14
